API,WellName,FieldName,BestModel,Best_D,Point_Forecast,CI_Lower_90,CI_Upper_90,CI_Width,Significant,Below_Threshold
33009002050000,NEWBURG-SPEARFISH-CHARLES UNIT     R-712,NEWBURG,Hyperbolic,0.07238659709346891,36.7,1.9,71.6,69.7,False,True
33009002820000,NEWBURG-SPEARFISH-CHARLES UNIT     I-719,NEWBURG,Hyperbolic,0.061254384435627,109.6,0.0,267.1,267.1,False,True
33009024170000,NSCU  G-718-H1,NEWBURG,Hyperbolic,0.025847757523979952,199.8,0.0,554.6,554.6,False,True
33013009220000,PETERSON     42-23,FLAXTON,Hyperbolic,0.022124130905812556,101.4,0.0,210.8,210.8,False,True
33013009360000,GUDRUN     1,FLAXTON,Exponential,0.013943427432097425,126.4,69.6,183.2,113.6,False,True
33013010740000,HARMS     21-9,FLAXTON,Hyperbolic,0.024874206267128274,60.2,0.0,143.9,143.9,False,True
33013017530000,BRATLAND  3-1H,PORTAL,Exponential,0.0426671122504899,434.8,316.1,553.6,237.5,False,False
33013017910000,BUSCH  5-1H,PORTAL,Hyperbolic,0.12030007649092388,386.4,201.9,570.8,368.9,False,False
33013018180000,BUSCH TRUST  31-30 164-92 A,PORTAL,Hyperbolic,0.11721838064984635,314.4,0.0,664.3,664.3,False,False
33013018190000,BUSCH TRUST  31-30 164-92 B,PORTAL,Exponential,0.0715486964094232,508.6,298.0,719.3,421.3,False,False
33013018200000,BUSCH TRUST  06-07 163-92 B,PORTAL,Hyperbolic,0.10412766080656154,278.2,0.0,651.2,651.2,False,True
33023001340000,HOWARD     1,HAMLET,Hyperbolic,0.007762104892525569,589.8,0.0,1190.6,1190.6,False,False
33023006250000,FARVER   1-29H,HAMLET,Exponential,0.048746432809295255,72.4,48.2,96.6,48.5,False,True
33023007030000,SALO  2-35H,HAMLET,Hyperbolic,0.059555412811263635,296.7,119.5,473.8,354.3,False,True
33023008080000,TORGESON  2-30HNA,WEST AMBROSE,Exponential,0.018849082986321663,953.9,770.0,1137.8,367.7,False,False
33023008270000,CPEUSC FAIRHOLM  33-34-164N-100W,WEST AMBROSE,Exponential,0.034284438398763564,1187.0,816.9,1557.1,740.2,False,False
33023008570000,CPEUSC ALDAG  36-35-164N-100W,WEST AMBROSE,Exponential,0.015200887988017775,2067.1,1421.1,2713.1,1292.0,False,False
33023013340000,CPEUSC ALDAG  4-36-35-164N-100W,WEST AMBROSE,Exponential,0.029401596946245133,3126.7,2270.4,3983.0,1712.6,False,False
33023013650000,LARSON FEDERAL   15-34H,WEST AMBROSE,Hyperbolic,0.16512486852576266,1123.0,693.4,1552.5,859.1,True,False
33023013700000,CPEUSC FAIRHOLM  4-33-34-164N-100W,WEST AMBROSE,Exponential,0.03399582479800903,2320.1,1684.3,2956.0,1271.8,False,False
33023013610000,HERLAND  14-12HN,BURG,Hyperbolic,0.1350844327246612,663.2,195.1,1131.4,936.3,False,False
33023013620000,HERLAND  14-12HS,BURG,Hyperbolic,0.17844564521791723,1008.9,394.9,1622.8,1227.8,False,False
33105039260000,ELIAS  1-21H,BURG,Exponential,0.02557055539348906,1254.8,980.6,1528.9,548.3,False,False
33023013790000,BISSONNETTE  14B-31HS,SKABO,Hyperbolic,0.14251862443652505,412.4,0.0,1020.4,1020.4,False,False
33023013820000,HAY FARMS   14B-20HN,SKABO,Hyperbolic,0.09938257714303848,458.5,0.0,1362.2,1362.2,False,False
33023013930000,NYSTUEN  14B-35HS,SKABO,Exponential,0.04373348421622826,1324.6,1016.6,1632.7,616.1,False,False
33025003160000,PATTEN     5C-2-1,LITTLE KNIFE,Exponential,0.01881062624963569,78.0,42.0,114.1,72.1,False,True
33025008330000,HAMILTON  35-1H,LITTLE KNIFE,Hyperbolic,0.018007931420846404,574.8,259.1,890.5,631.4,False,False
33025023480000,MARINENKO   145-97-30B-31-3H,LITTLE KNIFE,Hyperbolic,0.2577939185720314,1607.2,0.0,3358.0,3358.0,False,False
33025006460000,BENZ   24-21H,BAILEY,Hyperbolic,0.08371604098772943,2121.2,689.3,3553.2,2864.0,False,False
33025016980000,DIAMOND A  34-21TFH,BAILEY,Exponential,0.018005720465521267,1261.7,639.3,1884.1,1244.8,False,False
33025026580000,TRINITY  14-21H,BAILEY,Hyperbolic,0.33842199364365017,2448.2,800.4,4096.1,3295.7,False,False
33025026590000,RINGER  14-21TFH,BAILEY,Hyperbolic,0.15962404104260114,1940.2,0.0,4145.1,4145.1,False,False
33025026600000,WILHELM  24-21TFH,BAILEY,Hyperbolic,0.27543164455272984,1744.3,428.7,3059.8,2631.1,False,False
33025026610000,ULMER  24-21H,BAILEY,Hyperbolic,0.12142932975122915,1880.2,252.2,3508.2,3256.0,False,False
33025009240000,CCU NORTH COAST  11-25H,CORRAL CREEK,Exponential,0.019656588023666606,2837.7,1526.9,4148.5,2621.5,False,False
33025017230000,CCU BURNER  21-26MBH,CORRAL CREEK,Exponential,0.02927853833446905,2000.7,1549.8,2451.7,901.9,False,False
33025020680000,CCU FOUR ACES  44-21TFH,CORRAL CREEK,Exponential,0.025944869741170613,1423.4,962.4,1884.3,921.9,False,False
33025023920000,CCU RED RIVER  34-9TFH,CORRAL CREEK,Exponential,0.02503378975140109,1666.9,854.5,2479.3,1624.8,False,False
33025025350000,CCU PULLMAN  3-8-7MBH,CORRAL CREEK,Exponential,0.08575136694268172,905.7,304.8,1506.5,1201.7,False,False
33025026520000,CCU NORTH COAST  4-8-23MBH,CORRAL CREEK,Hyperbolic,0.1252384374815628,1821.6,0.0,3694.5,3694.5,False,False
33025028630000,CCU RED RIVER  7-2-15TFH,CORRAL CREEK,Hyperbolic,0.1251176875539215,2178.9,0.0,5462.1,5462.1,False,False
33025028640000,CCU RED RIVER  8-2-15MBH,CORRAL CREEK,Hyperbolic,0.12365431859339622,2310.8,0.0,4764.1,4764.1,False,False
33025028650000,CCU GOPHER  1-2-15TFH,CORRAL CREEK,Hyperbolic,0.2545689054528535,1843.5,273.3,3413.7,3140.4,True,False
33025028660000,CCU GOPHER  2-2-15MBH,CORRAL CREEK,Hyperbolic,0.1268675274147467,1944.9,0.0,4993.7,4993.7,False,False
33025028970000,CCU BISON POINT  34-34TFH,CORRAL CREEK,Hyperbolic,0.12319554973683233,2527.3,0.0,5717.7,5717.7,False,False
33025029280000,CCU PACIFIC EXPRESS   12-19 TFH,CORRAL CREEK,Exponential,0.03865584704199208,6661.4,4309.2,9013.6,4704.4,False,False
33025029290000,CCU ATLANTIC EXPRESS  13-19 TFH,CORRAL CREEK,Hyperbolic,0.066836536524793,5069.4,0.0,13003.0,13003.0,False,False
33025029300000,CCU ATLANTIC EXPRESS  23-19 MBH,CORRAL CREEK,Hyperbolic,0.07141999516606384,6347.9,0.0,19103.2,19103.2,False,False
33025029850000,CCU BOXCAR  4-7-22TFH,CORRAL CREEK,Hyperbolic,0.046376472808808696,6124.2,0.0,15217.4,15217.4,False,False
33025029860000,CCU AUDUBON  3-7-22TFH,CORRAL CREEK,Exponential,0.060862804391191544,2253.5,1222.9,3284.1,2061.2,False,False
33025030000000,CCU ATLANTIC EXPRESS  41-30MBH,CORRAL CREEK,Exponential,0.033443444045421815,6899.8,2662.5,11137.1,8474.5,False,False
33025030010000,CCU PLYMOUTH  11-29TFH,CORRAL CREEK,Exponential,0.037241838028924355,4560.2,1743.0,7377.3,5634.3,False,False
33025030020000,CCU PLYMOUTH  11-29MBH,CORRAL CREEK,Exponential,0.027878684009876593,5100.7,2452.1,7749.2,5297.1,False,False
33025030030000,CCU PLYMOUTH  21-29TFH,CORRAL CREEK,Hyperbolic,0.10513649759004337,4045.1,711.7,7378.6,6666.9,False,False
33025030050000,CROSBY USA  41-6H,CORRAL CREEK,Hyperbolic,0.29793907865149943,936.4,527.0,1345.8,818.9,True,False
33025011720000,ANNA G. BAKER  6B-30-2H TF,MCGREGORY BUTTES,Hyperbolic,0.17588725543184647,3085.5,1262.4,4908.6,3646.2,False,False
33025015400000,FORT BERTHOLD  147-94-2A-11-2H,MCGREGORY BUTTES,Exponential,0.026573789348357853,2269.4,1911.4,2627.4,716.0,False,False
33025026820000,FORT BERTHOLD  148-94-33D-28-7H,MCGREGORY BUTTES,Hyperbolic,0.10131674597436002,5150.5,0.0,14216.2,14216.2,False,False
33025028820000,BURROWING  147-94-13B-24H,MCGREGORY BUTTES,Hyperbolic,0.14638233499938166,5457.3,1112.6,9802.0,8689.5,False,False
33025028830000,SCREECH  147-94-13B-24H,MCGREGORY BUTTES,Hyperbolic,0.17205628433429468,4681.1,1641.9,7720.4,6078.6,False,False
33025028840000,SNOWY  147-94-13A-24H TF,MCGREGORY BUTTES,Hyperbolic,0.8732191516499661,1219.4,206.4,2232.3,2025.9,True,False
33025028850000,BARN  147-94-13A-24H,MCGREGORY BUTTES,Hyperbolic,0.2469001164487541,3824.0,1453.5,6194.5,4741.0,False,False
33025029010000,FORT BERTHOLD  147-94-2B-11-6H,MCGREGORY BUTTES,Hyperbolic,0.1441665428224541,3933.0,0.0,8704.2,8704.2,False,False
33025029020000,FORT BERTHOLD  147-94-2B-11-7H,MCGREGORY BUTTES,Hyperbolic,0.31465710834077937,1119.8,0.0,2279.8,2279.8,False,False
33025029030000,FORT BERTHOLD  147-94-2B-11-8H,MCGREGORY BUTTES,Hyperbolic,0.13450612679094298,595.0,0.0,2317.7,2317.7,False,False
33025029050000,FORT BERTHOLD  147-94-2B-11-9H,MCGREGORY BUTTES,Exponential,0.055157583294341506,2790.9,1559.6,4022.2,2462.6,False,False
33025030270000,TOWN HALL   148-93-31C-30H,MCGREGORY BUTTES,Hyperbolic,0.15225072692225505,2321.0,0.0,5344.9,5344.9,False,False
33025014280000,ESTHER FEDERAL   34X-28G,LOST BRIDGE,Hyperbolic,0.018044952360137912,2569.3,0.0,5937.7,5937.7,False,False
33025027280000,JORGENSON FEDERAL   148-96-10-15-3H,LOST BRIDGE,Hyperbolic,0.1278482015562784,4616.6,1139.6,8093.6,6954.0,False,False
33025027290000,JORGENSON FEDERAL   148-96-10-15-2HR,LOST BRIDGE,Hyperbolic,0.09615888940348978,3372.2,0.0,7080.2,7080.2,False,False
33025030390000,JORGENSON FEDERAL  148-96-10-15-12H,LOST BRIDGE,Hyperbolic,0.17333977365408254,1887.2,114.4,3660.0,3545.6,False,False
33025021550000,CLARENCE FEDERAL  34X-7C,HAYSTACK BUTTE,Hyperbolic,0.07982319726131909,1033.9,365.7,1702.1,1336.5,False,False
33025028290000,DAKOTA FEDERAL  41X-16D,HAYSTACK BUTTE,Exponential,0.051416806171752094,3798.5,745.2,6851.8,6106.6,False,False
33053035990000,CONNER  34-9H,HAYSTACK BUTTE,Hyperbolic,0.022347918442061698,1258.8,421.3,2096.2,1674.9,False,False
33025024180000,WILLIAM FEDERAL  41X-6C,BEAR DEN,Hyperbolic,0.05053099467259902,1601.3,0.0,4030.2,4030.2,False,False
33053029920000,FEDERAL  34X-14,BEAR DEN,Exponential,0.04340228555459997,1887.8,1055.1,2720.5,1665.4,False,False
33053032000000,JOHNSRUD FEDERAL  34X-14,BEAR DEN,Hyperbolic,0.06091090481092189,1479.3,0.0,3343.8,3343.8,False,False
33053062550000,JOHNSRUD FEDERAL  34X-14G,BEAR DEN,Hyperbolic,0.11706251212083885,2066.0,0.0,4188.8,4188.8,False,False
33053064190000,JOHNSRUD FEDERAL  34X-14A,BEAR DEN,Hyperbolic,0.07367864619485734,3234.4,0.0,9154.1,9154.1,False,False
33053064200000,JOHNSRUD FEDERAL  34X-14AXB,BEAR DEN,Hyperbolic,0.16007697079153863,2734.5,0.0,7690.0,7690.0,False,False
33053068070000,JOHNSRUD FEDERAL  34X-14F,BEAR DEN,Hyperbolic,0.1449048428960643,2350.5,0.0,6406.2,6406.2,False,False
33025026070000,MANDAREE  30-31HA,REUNION BAY,Hyperbolic,0.018913303226163337,4829.2,0.0,12504.7,12504.7,False,False
33061011630000,WAKELUM  21-3H,REUNION BAY,Exponential,0.035469291126037084,1352.7,631.5,2073.9,1442.4,False,False
33061018480000,OSTLUND  11-14H,REUNION BAY,Hyperbolic,0.03914518148683694,1927.5,1154.6,2700.4,1545.8,False,False
33061018520000,WAKELUM  41-3H,REUNION BAY,Exponential,0.01864251452879801,1822.1,1496.8,2147.5,650.7,False,False
33061018790000,MHA USA  11-4H,REUNION BAY,Exponential,0.0254409017644456,1562.2,1148.7,1975.8,827.1,False,False
33061018910000,OSTLUND  11-14TFH,REUNION BAY,Exponential,0.02208661550203,1429.8,977.2,1882.3,905.1,False,False
33061019050000,WAKELUM  31-3TFH,REUNION BAY,Exponential,0.014680544753972086,1881.7,1477.8,2285.6,807.8,False,False
33061025480000,RUDOLPH  44-10TFH,REUNION BAY,Exponential,0.01765877809375239,1842.9,1367.7,2318.1,950.4,False,False
33061029130000,GROVER  11-3TFH,REUNION BAY,Exponential,0.024019140515448935,1609.6,1323.5,1895.6,572.1,False,False
33025026210000,MANDAREE  24-13HD,SPOTTED HORN,Exponential,0.054795873450536596,4947.3,2780.1,7114.5,4334.4,False,False
33053028820000,HENDERSON  4-25H,SPOTTED HORN,Hyperbolic,0.4171953450656457,793.6,0.0,1635.5,1635.5,False,False
33053028830000,STATE  4-36H,SPOTTED HORN,Hyperbolic,0.3829781554743382,943.0,402.2,1483.7,1081.5,False,False
33053028850000,JONES   4-24H,SPOTTED HORN,Hyperbolic,0.41996430143318647,618.0,0.0,1312.6,1312.6,False,False
33053037210000,FOREMAN  5-2/1H,SPOTTED HORN,Hyperbolic,0.10471321470834583,1093.7,448.4,1738.9,1290.6,False,False
33053062880000,EMMA OWNER  23-14HB,SPOTTED HORN,Hyperbolic,0.08734121059346361,4137.8,0.0,17361.7,17361.7,False,False
33053062890000,EMMA OWNER  23-14HX,SPOTTED HORN,Hyperbolic,0.2748962864854911,3737.2,927.0,6547.5,5620.5,False,False
33053062900000,EMMA OWNER  23-14HC,SPOTTED HORN,Hyperbolic,0.2128061976707401,4056.7,2060.2,6053.2,3993.0,False,False
33053062910000,EMMA OWNER  23-14HD,SPOTTED HORN,Hyperbolic,0.24584192967835425,4232.2,2174.1,6290.4,4116.3,False,False
33053062920000,EMMA OWNER  23-14HW,SPOTTED HORN,Hyperbolic,0.31545000684482,2985.6,366.5,5604.7,5238.1,False,False
33053063220000,MUSKRAT  150-94-04B-09H,SPOTTED HORN,Hyperbolic,0.2314607102769371,4252.6,102.8,8402.5,8299.7,False,False
33053063240000,RACCOON  150-94-04B-09H,SPOTTED HORN,Hyperbolic,0.2556834972060186,4039.6,0.0,8121.1,8121.1,False,False
33053063510000,FOREMAN  6-2-1TH,SPOTTED HORN,Hyperbolic,0.12323225126282486,882.0,0.0,2269.3,2269.3,False,False
33053067090000,EMMA OWNER  23-14HA,SPOTTED HORN,Hyperbolic,0.18670430891697073,5929.9,2558.3,9301.6,6743.3,False,False
33053067150000,STATE  7-25-24BH,SPOTTED HORN,Hyperbolic,0.29378750045470386,2228.6,0.0,5146.4,5146.4,False,False
33053067160000,STATE  4-25-24TH,SPOTTED HORN,Hyperbolic,0.39535689579532396,763.8,220.8,1306.7,1085.9,False,False
33053067170000,STATE  8-25-24BH,SPOTTED HORN,Exponential,0.11651351390448668,357.1,0.0,763.0,763.0,False,False
33053067180000,STATE  4-25-24T2H,SPOTTED HORN,Hyperbolic,0.13417965078564598,177.6,0.0,1419.1,1419.1,False,True
33053067190000,STATE  9-25-24BH,SPOTTED HORN,Hyperbolic,0.1436853983442848,386.2,0.0,2047.9,2047.9,False,False
33053067200000,STATE  5-25-24TH,SPOTTED HORN,Hyperbolic,0.14868111911039567,636.2,0.0,2895.6,2895.6,False,False
33053067990000,STATE  5-36-1TH,SPOTTED HORN,Hyperbolic,0.3865962283908686,1017.2,0.0,2116.3,2116.3,False,False
33053068000000,STATE  9-36-1BH,SPOTTED HORN,Hyperbolic,0.15780762822373892,332.2,0.0,1316.7,1316.7,False,False
33053068010000,STATE  4-36-1T2H,SPOTTED HORN,Exponential,0.14500188548238838,143.0,0.0,302.0,302.0,False,True
33053068020000,STATE  8-36-1BH,SPOTTED HORN,Hyperbolic,0.3387305795590226,994.7,239.5,1749.8,1510.3,False,False
33053068030000,STATE  4-36-1TH,SPOTTED HORN,Hyperbolic,0.14263498183073395,277.8,0.0,1885.5,1885.5,False,True
33053068040000,STATE  7-36-1BH,SPOTTED HORN,Hyperbolic,0.18764151874524282,1909.7,0.0,3986.6,3986.6,False,False
33025027370000,QUILT  149-93-04D-03H,MANDAREE,Hyperbolic,0.22176140199835545,3653.1,1371.4,5934.8,4563.5,False,False
33025027390000,THREAD  149-93-04D-03H,MANDAREE,Hyperbolic,0.2156744835009884,4211.3,514.6,7908.1,7393.4,False,False
33053047860000,GRASSY KNOLL  2-11H,MANDAREE,Hyperbolic,0.1376540589423896,3296.1,1449.3,5143.0,3693.7,False,False
33053047870000,BANJO  149-94-02B-01H TF,MANDAREE,Hyperbolic,0.10988640349219658,3487.4,614.2,6360.6,5746.4,False,False
33025029400000,FBIR REESE  43X-33A,HEART BUTTE,Exponential,0.05314134152536535,987.2,714.0,1260.4,546.3,False,False
33025029410000,FBIR REESE  43X-33E,HEART BUTTE,Exponential,0.04524166686069013,883.0,598.4,1167.6,569.2,False,False
33025029420000,FBIR REESE  43X-33B,HEART BUTTE,Exponential,0.06616337445756287,620.3,473.6,766.9,293.3,False,False
33025029430000,FBIR REESE  43X-33F,HEART BUTTE,Exponential,0.03459073116314568,1195.5,770.9,1620.1,849.2,False,False
33025029440000,FBIR REESE  43X-33C,HEART BUTTE,Exponential,0.0631770874853074,647.1,404.6,889.6,485.1,False,False
33025029450000,FBIR REESE  43X-33G,HEART BUTTE,Exponential,0.04711973634594734,748.3,596.6,900.0,303.5,False,False
33025029460000,FBIR REESE  43X-33D,HEART BUTTE,Hyperbolic,0.049148701770501825,877.5,226.7,1528.3,1301.6,False,False
33053003150000,OLAF LARSEN     1,KEENE,Exponential,0.011114097146663846,337.1,261.2,413.0,151.8,False,False
33053030500000,BLUE RIDGE  14-31H,KEENE,Hyperbolic,0.038979720853356534,906.8,0.0,2075.2,2075.2,False,False
33053030530000,ARCHES   24-35H,KEENE,Exponential,0.016173846283676834,1012.3,680.5,1344.1,663.6,False,False
33053035180000,SHENANDOAH  34-36TFH,KEENE,Exponential,0.026631925665301436,1276.6,945.3,1608.0,662.6,False,False
33053035380000,BLUE RIDGE  14-31TFH,KEENE,Hyperbolic,0.0635665303178964,1075.3,210.4,1940.3,1729.9,False,False
33053058950000,SHENANDOAH  24-36MBH,KEENE,Hyperbolic,0.1948732830180394,876.5,0.0,2085.2,2085.2,True,False
33053017860000,ERICKSON B     1,GLASS BLUFF,Hyperbolic,0.3930696486972731,10.3,0.0,38.5,38.5,False,True
33053019420000,ERICKSON D     1,GLASS BLUFF,Hyperbolic,0.4036130212894534,11.0,0.0,41.3,41.3,False,True
33053020040000,ERICKSON J     1,GLASS BLUFF,Hyperbolic,0.40068839695802055,18.5,0.0,69.1,69.1,False,True
33053028060000,LEVANG  3-22H,BLUE BUTTES,Hyperbolic,0.12937513986916702,669.2,0.0,2180.2,2180.2,False,False
33053028490000,JONES  4-23H,BLUE BUTTES,Hyperbolic,0.2576075579667751,498.6,261.3,736.0,474.8,False,False
33053034930000,LOVAAS  7-1-1UTFH,BLUE BUTTES,Exponential,0.03689498563209229,6382.7,3867.9,8897.5,5029.5,False,False
33053055670000,STAFFORD  13-34MBH,BLUE BUTTES,Exponential,0.0640335693200387,2949.2,1308.3,4590.2,3281.8,False,False
33053055680000,STAFFORD  13-34TFH,BLUE BUTTES,Hyperbolic,0.08640225808180937,2011.2,0.0,6709.0,6709.0,False,False
33053065530000,LOVAAS  8-1-1MBH,BLUE BUTTES,Exponential,0.0354096510067206,7146.6,4643.4,9649.7,5006.3,False,False
33053066950000,BOGGS  29-32-30-31T3HD,BLUE BUTTES,Hyperbolic,0.45003413596603004,821.5,453.3,1189.7,736.4,True,False
33053066960000,BOGGS  29-32-30-31THD,BLUE BUTTES,Hyperbolic,0.08841409179071155,2679.3,0.0,5554.5,5554.5,False,False
33053071290000,BB-BUDAHN-  150-95-0506H-6,BLUE BUTTES,Hyperbolic,0.3184417142429744,2607.5,302.6,4912.4,4609.8,False,False
33053071300000,BB-BUDAHN-  150-95-0506H-7,BLUE BUTTES,Hyperbolic,0.14830132256761694,1985.8,0.0,5334.8,5334.8,False,False
33053073770000,BB-BUDAHN-  LS-150-95-0506H-1,BLUE BUTTES,Hyperbolic,0.2731942707767218,3223.8,0.0,7411.8,7411.8,False,False
33053028750000,STATE  11-16H,CHARLSON,Hyperbolic,0.5222678181835642,686.0,0.0,1499.6,1499.6,False,False
33053044690000,STATE  154-94-31C-32-2H,CHARLSON,Exponential,0.025215858719125735,6743.6,4933.9,8553.3,3619.3,False,False
33053067210000,STATE  11X-16MB5,CHARLSON,Hyperbolic,0.18023905778187954,2046.0,994.9,3097.2,2102.3,False,False
33053067220000,STATE  11X-16TF4,CHARLSON,Hyperbolic,0.4528829118078396,1286.2,274.3,2298.0,2023.7,False,False
33053067230000,STATE  11X-16MB4,CHARLSON,Hyperbolic,0.3512798491327211,1775.0,873.0,2677.0,1804.0,False,False
33053029320000,WISNESS  1-21H,WESTBERG,Exponential,0.04692729566005187,224.7,183.6,265.9,82.3,False,True
33053029510000,GLADYS  1-9H,WESTBERG,Hyperbolic,0.20490420475143753,467.6,65.6,869.7,804.1,False,False
33053031350000,HA-ROLFSRUD-152-96-  1720H-1,WESTBERG,Hyperbolic,0.2511147857383103,293.2,0.0,899.9,899.9,False,True
33053051070000,NORBY STATE  152-96-16-2H,WESTBERG,Hyperbolic,0.05392196016132122,828.3,0.0,2282.6,2282.6,False,False
33053070120000,LARSEN FEDERAL  152-96-9-4-12H,WESTBERG,Hyperbolic,0.21008768997148197,2306.0,1257.9,3354.1,2096.1,False,False
33053070130000,LARSEN  152-96-9-3HLW,WESTBERG,Hyperbolic,0.6827897435337319,1266.4,956.1,1576.8,620.7,True,False
33053070900000,LARSEN  152-96-16-21-5HLW,WESTBERG,Hyperbolic,0.2331078320843948,1983.0,1468.3,2497.6,1029.2,False,False
33053030240000,FORT BERTHOLD  152-93-17C-08-1H,FOUR BEARS,Exponential,0.03910810440285452,1025.3,740.7,1309.8,569.1,False,False
33053034240000,FORT BERTHOLD  152-93-17C-08-2H,FOUR BEARS,Exponential,0.017375597387565448,2185.4,1414.5,2956.2,1541.7,False,False
33053038140000,FORT BERTHOLD  152-93-18B-19-2H,FOUR BEARS,Hyperbolic,0.05161625874933304,1128.8,0.0,2413.8,2413.8,False,False
33053054430000,FORT BERTHOLD  152-93-19D-18-7H,FOUR BEARS,Hyperbolic,0.08628006021721098,3226.0,0.0,6923.1,6923.1,False,False
33053054440000,FORT BERTHOLD  152-93-19D-18-6H,FOUR BEARS,Hyperbolic,0.08179044947505607,1759.7,0.0,5669.2,5669.2,False,False
33053054500000,FORT BERTHOLD  152-93-19D-18-4H,FOUR BEARS,Hyperbolic,0.2038796783829787,485.0,0.0,1410.9,1410.9,False,False
33053059010000,FORT BERTHOLD  152-93-19D-18-14H,FOUR BEARS,Exponential,0.0500725827773296,1668.1,711.3,2624.9,1913.6,False,False
33053067500000,FORT BERTHOLD  152-93-19D-18-12H,FOUR BEARS,Exponential,0.09017168521253385,710.8,262.4,1159.3,896.8,False,False
33053067510000,FORT BERTHOLD  152-93-19D-18-8H,FOUR BEARS,Hyperbolic,0.24461938816630205,876.7,0.0,2366.0,2366.0,True,False
33053067520000,FORT BERTHOLD  152-93-19D-18-9H,FOUR BEARS,Exponential,0.10062140588121374,629.4,244.8,1014.0,769.1,False,False
33053030750000,NELSON FEDERAL  41X-5G,ANTELOPE,Hyperbolic,0.07456029745351798,1785.2,0.0,4144.8,4144.8,False,False
33053058430000,NELSON FEDERAL  21X-5A,ANTELOPE,Exponential,0.06172630057578326,3322.3,546.9,6097.7,5550.8,False,False
33053058440000,NELSON FEDERAL  21X-5E,ANTELOPE,Hyperbolic,0.2471885781605108,2745.1,915.4,4574.7,3659.3,False,False
33053059320000,AN-BRENNA-  153-94-3130H-8,ANTELOPE,Hyperbolic,0.1427500979807117,1470.8,721.2,2220.3,1499.1,False,False
33053068640000,CHARMAINE USA  14-35TFH,ANTELOPE,Hyperbolic,0.4109691773887103,3948.4,2492.1,5404.7,2912.6,False,False
33053068650000,CLARKS CREEK USA  14-35H,ANTELOPE,Hyperbolic,0.38621455438491353,2914.5,1238.9,4590.2,3351.3,False,False
33053068670000,HEATHER USA  13-35TFH,ANTELOPE,Hyperbolic,0.22316944806420724,2182.2,860.6,3503.9,2643.2,False,False
33053068680000,JUANITA USA  13-35H,ANTELOPE,Hyperbolic,0.504579204671918,3685.5,2475.3,4895.6,2420.3,False,False
33053070160000,AN-EVENSON-  LE-152-95-0310H-1,ANTELOPE,Hyperbolic,0.24860151023526622,2027.0,615.0,3438.9,2823.9,False,False
33053070170000,AN-EVENSON-  152-95-0310H-14,ANTELOPE,Hyperbolic,0.8276457735371441,847.6,426.2,1269.0,842.8,True,False
33053071350000,AN-EVENSON-  152-95-0310H-13,ANTELOPE,Hyperbolic,0.27779688082218923,189.2,0.0,546.6,546.6,False,True
33053071360000,AN-EVENSON-  152-95-0310H-12,ANTELOPE,Hyperbolic,0.29622354205972307,287.4,0.0,826.7,826.7,False,True
33053071370000,AN-EVENSON-  152-95-0310H-11,ANTELOPE,Hyperbolic,0.2954964056408735,1122.3,646.5,1598.1,951.5,False,False
33053071380000,AN-EVENSON-  152-95-0310H-10,ANTELOPE,Hyperbolic,0.4882131895111025,1110.7,679.4,1542.0,862.5,False,False
33061031320000,THREE TRIBES  151-94-3H,ANTELOPE,Hyperbolic,0.09440648979031338,2801.1,102.2,5500.0,5397.8,False,False
33053032980000,BRIER  5200 42-22H,CAMP,Exponential,0.04270799723755966,1098.7,768.6,1428.9,660.3,False,False
33053042820000,LEANNE  5201 41-24B,CAMP,Exponential,0.025699641767677826,1441.1,869.3,2012.8,1143.5,False,False
33053051470000,PATTERSON FEDERAL   5-13H,CAMP,Hyperbolic,0.07466789742756651,2944.7,0.0,8741.3,8741.3,False,False
33053051490000,KUHN FEDERAL  5-12H,CAMP,Hyperbolic,0.07390604608047571,1743.7,0.0,4087.5,4087.5,False,False
33053053370000,BRIER  5200 11-27 #8T2,CAMP,Exponential,0.057016427068164385,1034.1,501.7,1566.5,1064.8,False,False
33053054420000,BRIER   5200 44-22 3B,CAMP,Hyperbolic,0.04112137228864532,2430.3,0.0,5018.0,5018.0,False,False
33053054600000,PATTERSON FEDERAL  7-13H,CAMP,Hyperbolic,0.07042778578415114,1631.9,0.0,4782.7,4782.7,False,False
33053054610000,KUHN   6-13H1,CAMP,Exponential,0.058415911728955085,1713.7,1027.2,2400.2,1373.1,False,False
33053054620000,KUHN   7-13H,CAMP,Hyperbolic,0.07064593876561613,3067.2,0.0,6376.5,6376.5,False,False
33053063100000,BRIER  5200 43-22 12T,CAMP,Hyperbolic,0.12951975174087144,506.4,0.0,2343.8,2343.8,False,False
33053063110000,BRIER  5200 42-22 11T2,CAMP,Hyperbolic,0.29937335594562126,849.4,0.0,1818.9,1818.9,False,False
33053063120000,BRIER  5200 42-22 10B,CAMP,Hyperbolic,0.4209973086734378,964.9,173.5,1756.3,1582.9,True,False
33053063130000,BRIER  5200 42-22 9T,CAMP,Hyperbolic,0.13787550776455873,1759.2,0.0,4354.2,4354.2,False,False
33053066270000,PATTERSON FEDERAL  6-13H,CAMP,Hyperbolic,0.08334496887348383,1339.2,0.0,4810.4,4810.4,False,False
33053067950000,ANDERSMADSON  5201 43-24 7B,CAMP,Hyperbolic,0.192150401234406,392.5,0.0,1360.2,1360.2,False,False
33053067960000,ANDERSMADSON  5201 43-24 8T,CAMP,Hyperbolic,0.13743164561447757,316.5,0.0,1023.7,1023.7,False,False
33053067970000,ANDERSMADSON  5201 43-24 9B,CAMP,Exponential,0.17781648883561488,35.8,0.0,78.9,78.9,False,True
33053067980000,ANDERSMADSON  5201 43-24 10T,CAMP,Exponential,0.08122997585513846,325.4,24.8,625.9,601.1,False,False
33053068600000,ANDERSMADSON  5201 42-24 3B,CAMP,Exponential,0.10797626077647547,560.9,297.2,824.6,527.5,False,False
33053068610000,ANDERSMADSON  5201 42-24 4T,CAMP,Exponential,0.1386559609385183,107.4,0.0,259.2,259.2,False,True
33053068620000,ANDERSMADSON  5201 42-24 5B,CAMP,Hyperbolic,0.2103451427396339,292.0,0.0,1058.6,1058.6,False,True
33053068630000,ANDERSMADSON  5201 42-24 6T,CAMP,Hyperbolic,0.13122705651408792,405.6,0.0,1363.3,1363.3,False,False
33053033950000,JOHNSON  11-5SEH,SIVERSTON,Exponential,0.02526955617805462,1647.7,852.0,2443.5,1591.5,False,False
33053036050000,SORENSON  31-28SWH,SIVERSTON,Hyperbolic,0.08218624160295492,1582.0,62.8,3101.2,3038.3,False,False
33053038060000,AMUNDSON  44-22NWH,SIVERSTON,Hyperbolic,0.9329447512882899,338.0,0.0,771.2,771.2,True,False
33053044670000,DIDRICK  4-27HA,SIVERSTON,Hyperbolic,0.0535463520670377,1138.2,418.6,1857.7,1439.1,False,False
33053067380000,AMUNDSON  44X-22HXE,SIVERSTON,Hyperbolic,0.08727430612631881,1944.8,0.0,6070.2,6070.2,False,False
33053067390000,AMUNDSON  44X-22D,SIVERSTON,Hyperbolic,0.14339568071693154,2680.2,0.0,7004.4,7004.4,False,False
33053067400000,AMUNDSON  44X-22H,SIVERSTON,Hyperbolic,0.18332715406076616,1327.9,0.0,3529.9,3529.9,False,False
33053067410000,AMUNDSON  44X-22CXD,SIVERSTON,Hyperbolic,0.2378599178853192,1991.6,193.8,3789.5,3595.8,False,False
33053067690000,KLAMM  34X-9D,SIVERSTON,Hyperbolic,0.1619198343670963,1535.9,0.0,3540.6,3540.6,False,False
33053067700000,KLAMM  34X-9H,SIVERSTON,Hyperbolic,0.16736093437716346,1154.2,0.0,3522.4,3522.4,False,False
33053067710000,KLAMM  34X-9DXA,SIVERSTON,Hyperbolic,0.10854100091889635,2171.0,0.0,5340.4,5340.4,False,False
33053067890000,SORENSON  31X-28H,SIVERSTON,Hyperbolic,0.42911325184789945,578.3,90.9,1065.8,974.9,False,False
33053067900000,SORENSON  31X-28C,SIVERSTON,Hyperbolic,0.1255272597978152,1393.6,0.0,3691.1,3691.1,False,False
33053069020000,RYAN  14X-9E,SIVERSTON,Hyperbolic,0.06631948038502337,3732.3,0.0,16725.2,16725.2,False,False
33053069030000,RYAN  14X-9A,SIVERSTON,Hyperbolic,0.09688222688716097,3838.1,0.0,10792.1,10792.1,False,False
33053069040000,RYAN  14X-9EXF,SIVERSTON,Hyperbolic,0.18426201090939406,1579.8,0.0,4305.0,4305.0,False,False
33053069050000,RYAN  14X-9B,SIVERSTON,Hyperbolic,0.14814189516133394,1759.1,0.0,5170.0,5170.0,False,False
33053069060000,RYAN  14X-9F2,SIVERSTON,Hyperbolic,0.08425547097336858,1701.3,0.0,6972.4,6972.4,False,False
33053069520000,SORENSON  31X-28D,SIVERSTON,Hyperbolic,0.06669580753702126,2132.5,0.0,5619.9,5619.9,False,False
33053035660000,TOPAZ 20-17  #1H,BANKS,Exponential,0.04400601127148064,953.0,733.7,1172.2,438.5,False,False
33053039550000,CHERYL  17-20 2TFH,BANKS,Exponential,0.07483350957021424,2913.9,0.0,5985.8,5985.8,False,False
33053050800000,SKARSTON 1-12  #2TFH,BANKS,Hyperbolic,0.09473044196229037,2773.6,0.0,9643.0,9643.0,False,False
33053050810000,SKARSTON 1-12  #3TFH,BANKS,Hyperbolic,0.12129708439664917,3147.3,0.0,12630.1,12630.1,False,False
33053050820000,SKARSTON 1-12  #7H,BANKS,Exponential,0.08341581624100051,2833.7,620.2,5047.3,4427.2,False,False
33053050830000,SKARSTON 1-12  #4H,BANKS,Exponential,0.08342434017309229,3727.7,1118.0,6337.3,5219.3,False,False
33053050840000,SKARSTON 1-12  #5H,BANKS,Exponential,0.06518185903805392,5555.9,1838.2,9273.6,7435.3,False,False
33053050850000,SKARSTON 1-12  #6TFH,BANKS,Exponential,0.09546276844919452,1958.9,76.6,3841.2,3764.6,False,False
33053063320000,SKARSTON 1-12  #8TFH,BANKS,Hyperbolic,0.10337692176618653,2869.6,0.0,11539.5,11539.5,False,False
33053063330000,SKARSTON 1-12 XE  #1H,BANKS,Exponential,0.07909839345723958,3109.3,0.0,6370.8,6370.8,False,False
33053072000000,CHAMELEON STATE  21-16-1H,BANKS,Hyperbolic,0.2657419753457714,1667.4,1042.2,2292.5,1250.3,True,False
33053072010000,CHAMELEON STATE  21-16-1TFH,BANKS,Hyperbolic,0.18621904298356326,710.6,0.0,1593.7,1593.7,False,False
33053072020000,CHAMELEON STATE  21-16-2H,BANKS,Hyperbolic,0.10651245578660422,672.7,0.0,1509.8,1509.8,False,False
33053035900000,RENEGADE  34-10TFH,SAND CREEK,Hyperbolic,0.04331409003482933,618.2,0.0,1483.9,1483.9,True,False
33053072860000,SKAAR FEDERAL  153-96-30-4H,SAND CREEK,Hyperbolic,0.6844972116897653,1480.0,646.6,2313.4,1666.8,False,False
33053072870000,SKAAR FEDERAL  153-96-30-3H,SAND CREEK,Hyperbolic,0.7477438801786085,1194.3,550.3,1838.3,1288.0,False,False
33053072880000,SKAAR FEDERAL  153-96-30-2H,SAND CREEK,Hyperbolic,0.6543826055025495,1210.0,642.3,1777.7,1135.4,False,False
33053072890000,SKAAR FEDERAL  153-96-30-1H,SAND CREEK,Hyperbolic,0.7810960539622753,898.5,438.8,1358.3,919.5,False,False
33053072900000,SKAAR FEDERAL  153-96-30-5HLW,SAND CREEK,Hyperbolic,0.717899866035187,747.8,422.3,1073.3,650.9,False,False
33053036270000,LOOMER  24-34NEH,TOBACCO GARDEN,Hyperbolic,0.08689029450224998,1818.8,0.0,4258.6,4258.6,False,False
33053051730000,RITA  24X-34E,TOBACCO GARDEN,Exponential,0.03107819349856677,1463.5,893.6,2033.5,1139.8,False,False
33053060650000,RANGER  21X-18E,TOBACCO GARDEN,Hyperbolic,0.12008530549890324,1325.2,438.5,2211.9,1773.4,False,False
33053063040000,RITA  44X-34BXC,TOBACCO GARDEN,Hyperbolic,0.0810066388031794,1197.9,0.0,4554.0,4554.0,False,False
33053065920000,TOBACCO GARDEN  11X-17E,TOBACCO GARDEN,Hyperbolic,0.23206845124066794,1831.6,422.7,3240.5,2817.9,False,False
33053065930000,TOBACCO GARDEN  11X-17B,TOBACCO GARDEN,Hyperbolic,0.1440037098125003,3340.5,506.7,6174.2,5667.5,False,False
33053067540000,RITA  44X-34D,TOBACCO GARDEN,Hyperbolic,0.1659674783319157,2654.7,0.0,5314.7,5314.7,False,False
33053040560000,HA-SWENSON-152-95-  1819H-5,HAWKEYE,Hyperbolic,0.06358073085982041,947.7,0.0,2046.1,2046.1,False,False
33053070790000,HA-CHAPIN-  152-95-2932H-6,HAWKEYE,Exponential,0.0591679514656355,1242.2,428.6,2055.7,1627.1,False,False
33053070800000,HA-CHAPIN-  152-95-2932H-7,HAWKEYE,Hyperbolic,0.11308669972053764,3171.1,741.2,5600.9,4859.7,False,False
33053070810000,HA-CHAPIN-  152-95-2932H-8,HAWKEYE,Hyperbolic,0.38142815912584777,1782.8,445.9,3119.7,2673.8,False,False
33053070820000,HA-CHAPIN-  152-95-2932H-9,HAWKEYE,Exponential,0.03420053978157711,3131.4,1679.5,4583.2,2903.7,False,False
33053070830000,HA-CHAPIN-  152-95-2932H-10,HAWKEYE,Hyperbolic,0.28213749154717693,1238.6,0.0,2647.2,2647.2,False,False
33053072540000,HA-GRIMESTAD-  152-95-3031H-6,HAWKEYE,Hyperbolic,0.7738655187114474,988.3,347.5,1629.0,1281.5,True,False
33053041180000,GABBERT  4-2/11HR,GRAIL,Exponential,0.09499027173930412,272.6,30.6,514.7,484.1,False,True
33053046950000,G. LEVANG  3-32-29BH,GRAIL,Hyperbolic,0.5787768412322138,443.9,46.9,840.8,794.0,True,False
33053046960000,G. LEVANG  13-32/29H,GRAIL,Hyperbolic,0.25072345520048267,405.4,0.1,810.7,810.6,False,False
33053046970000,G. LEVANG  4-32-29BH,GRAIL,Hyperbolic,0.34391480959769666,817.2,136.3,1498.2,1361.9,False,False
33053050080000,ERNIE  3-10-2-11LL,GRAIL,Hyperbolic,0.12590209226424579,1453.7,0.0,6010.0,6010.0,False,False
33053050090000,ERNIE  4-2-11BH,GRAIL,Exponential,0.10301515695906245,408.0,0.0,905.1,905.1,False,False
33053050100000,ERNIE  3-2-11BH,GRAIL,Exponential,0.1349551342440142,141.1,0.0,285.7,285.7,False,True
33053052140000,KIRKLAND  1-23-14BH,GRAIL,Hyperbolic,0.07551884678653543,1195.4,0.0,2737.2,2737.2,False,False
33053057150000,TAT  1-35-26TH,GRAIL,Hyperbolic,0.12528902254957938,185.7,0.0,1094.9,1094.9,False,True
33053057160000,TAT  1-35-26BH,GRAIL,Exponential,0.031191463932723495,2314.3,1404.5,3224.2,1819.7,False,False
33053058280000,STATE  3-16-21BH,GRAIL,Hyperbolic,0.3006285471263092,551.2,0.0,1147.5,1147.5,False,False
33053062330000,JONES  3-15-23TH,GRAIL,Hyperbolic,0.3025853010651539,2888.0,434.3,5341.7,4907.4,False,False
33053062340000,JONES  5-15-22TH,GRAIL,Hyperbolic,0.2290595586075078,2139.7,502.4,3777.0,3274.6,False,False
33053062350000,JONES  3-15-22BH,GRAIL,Exponential,0.07796308847177015,941.9,337.5,1546.2,1208.7,False,False
33053062360000,JONES  6-15-22TH,GRAIL,Hyperbolic,0.14882735657061377,1509.6,0.0,4052.0,4052.0,False,False
33053062370000,JONES  4-15-22BH,GRAIL,Hyperbolic,0.14088577716569844,2788.8,0.0,5912.6,5912.6,False,False
33053062380000,JONES  15-22-16-21LL,GRAIL,Hyperbolic,0.1000910839863025,2919.8,0.0,6768.8,6768.8,False,False
33053062490000,JONES  1-15-23TH,GRAIL,Hyperbolic,0.12178606903071039,1868.3,0.0,4431.3,4431.3,False,False
33053062540000,P. LEVANG  14-13-23-24LL,GRAIL,Hyperbolic,0.1500726955566701,733.0,0.0,1531.9,1531.9,False,False
33053066920000,BOGGS  3-29-32T2HD,GRAIL,Hyperbolic,0.5642627735770258,1770.4,589.0,2951.7,2362.7,True,False
33053066930000,BOGGS  8-29-32BHD,GRAIL,Hyperbolic,0.09434938135164792,1069.5,0.0,2613.9,2613.9,False,False
33053066940000,BOGGS  2-29-32T2HD,GRAIL,Hyperbolic,0.402697852492187,1480.0,768.6,2191.3,1422.7,False,False
33053068420000,HENDERSON  36-25-35-26T2H,GRAIL,Hyperbolic,0.3544726341730879,1001.6,198.7,1804.4,1605.8,False,False
33053068430000,HENDERSON  36-25-35-26BH,GRAIL,Hyperbolic,0.40060567417956516,1847.4,366.6,3328.2,2961.6,False,False
33053068440000,HENDERSON  1-12-2-11BH,GRAIL,Hyperbolic,0.12452266415801841,965.2,0.0,2489.2,2489.2,False,False
33053068450000,HENDERSON  1-12-2-11T2H,GRAIL,Hyperbolic,0.24213079348688724,1431.9,43.9,2819.8,2775.8,False,False
33053071410000,ERNIE  7-2-11BHD,GRAIL,Hyperbolic,0.08478348375834704,863.7,0.0,2852.4,2852.4,False,False
33053071430000,ERNIE  3-2-11T2HD,GRAIL,Hyperbolic,0.2466982746556501,454.1,0.0,1268.2,1268.2,False,False
33053071440000,ERNIE  8-2-11BHD,GRAIL,Hyperbolic,0.09749674523961059,1466.7,0.0,4795.0,4795.0,False,False
33053071450000,ERNIE  4-2-11T2HD,GRAIL,Exponential,0.06280267611934057,942.6,280.6,1604.5,1323.9,False,False
33053071460000,ERNIE  3-10-2-11BHD,GRAIL,Hyperbolic,0.14633112234588683,1931.6,0.0,4276.1,4276.1,False,False
33053057460000,BW-KRAETSCH-  149-99-1423H-4,CHERRY CREEK,Hyperbolic,0.0988704993678733,864.2,44.9,1683.4,1638.5,False,False
33053061780000,BW-JOHNSON-  149-99-1003H-4,CHERRY CREEK,Hyperbolic,0.2526706572178686,1707.9,325.5,3090.3,2764.8,False,False
33053061790000,BW-JOHNSON-  149-99-1003H-5,CHERRY CREEK,Hyperbolic,0.30420492341674066,1462.3,496.8,2427.7,1930.9,False,False
33053061800000,BW-JOHNSON-  149-99-1003H-6,CHERRY CREEK,Hyperbolic,0.19565490719407053,2062.3,151.9,3972.8,3820.9,False,False
33053061810000,BW-ERLER-  149-99-1522H-4,CHERRY CREEK,Hyperbolic,0.23637097193614057,1568.3,654.5,2482.0,1827.5,False,False
33053061820000,BW-ERLER-  149-99-1522H-5,CHERRY CREEK,Hyperbolic,0.2797720575525624,2005.9,306.7,3705.1,3398.4,False,False
33053061830000,BW-ERLER-  LE-149-99-1522H-1,CHERRY CREEK,Hyperbolic,0.30730741117135385,1667.5,605.9,2729.1,2123.2,False,False
33053061140000,STENEHJEM   15-9HB,POE,Exponential,0.09704082250864253,801.5,417.3,1185.8,768.4,False,False
33053061150000,STENEHJEM   15X-9H,POE,Hyperbolic,0.19707141421232477,1212.4,314.5,2110.4,1795.9,False,False
33053061160000,STENEHJEM   15-9HA,POE,Exponential,0.0829551037642509,1277.0,565.3,1988.7,1423.4,False,False
33053065940000,STENEHJEM   14X-9HA,POE,Exponential,0.08858061744195646,473.3,44.7,902.0,857.3,False,False
33053065950000,STENEHJEM   14-9H,POE,Exponential,0.10649576739344108,756.9,146.1,1367.6,1221.5,False,False
33053065960000,STENEHJEM   14X-9HB,POE,Hyperbolic,0.15210592095244344,1230.6,311.7,2149.5,1837.8,False,False
33053067560000,STACEY  13-9H,POE,Exponential,0.07691223726881655,1471.3,919.9,2022.6,1102.7,False,False
33053067570000,ASHLEY  13X-9H,POE,Exponential,0.07428771739842625,749.3,416.7,1082.0,665.3,False,False
33053068700000,RICH  1X-16HA,POE,Hyperbolic,0.08987171898186144,2019.6,0.0,4868.4,4868.4,False,False
33053068710000,STEVE  1-16H,POE,Exponential,0.08346369735537107,1097.2,606.5,1587.8,981.3,False,False
33053068720000,RINI  1X-16HB,POE,Hyperbolic,0.2928671786464529,1396.4,628.2,2164.5,1536.3,True,False
33053063960000,HOMER  14X-32E,GRINNELL,Hyperbolic,0.20982699252971806,683.9,0.0,2081.6,2081.6,False,False
33053063970000,HOMER  14X-32A,GRINNELL,Exponential,0.07850404705294452,1611.6,771.4,2451.7,1680.2,False,False
33053068530000,HOMER  14X-32AXD,GRINNELL,Hyperbolic,0.08167596494555233,1650.6,0.0,4141.0,4141.0,False,False
33053068540000,HOMER FEDERAL   14X-32F,GRINNELL,Hyperbolic,0.19566892157721347,150.0,0.0,1149.6,1149.6,False,True
33053068550000,HOMER FEDERAL   14X-32B,GRINNELL,Hyperbolic,0.1838653510396336,3154.7,525.2,5784.2,5259.0,False,False
33053067120000,FLATLAND FEDERAL  11-4-2H,TWIN VALLEY,Hyperbolic,0.30062524924333517,946.8,322.4,1571.1,1248.8,False,False
33053067130000,FLATLAND FEDERAL  11-4-2TFH,TWIN VALLEY,Hyperbolic,0.1254136460185804,1280.0,257.7,2302.3,2044.6,False,False
33053067470000,FLATLAND FEDERAL  11-4-5TFH,TWIN VALLEY,Hyperbolic,0.12486783484995148,2347.1,256.8,4437.5,4180.7,False,False
33053067490000,FLATLAND FEDERAL  11-4-3TFH,TWIN VALLEY,Hyperbolic,0.15311337975293157,1593.3,623.9,2562.6,1938.7,False,False
33061005620000,EN-RULAND-156-94  3328H-1,MANITOU,Hyperbolic,0.023415166680646037,457.7,76.0,839.5,763.5,False,False
33061017630000,EN-REHAK A-155-94-  1423H-1,MANITOU,Hyperbolic,0.031424442691199164,1094.3,0.0,2422.8,2422.8,False,False
33061020470000,EN-HANSON-156-94-  3031H-3,MANITOU,Exponential,0.012357943045573371,398.4,320.3,476.5,156.2,False,False
33061030680000,EN-DOBROVOLNY A-  155-94-2413H-7,MANITOU,Hyperbolic,0.11279517261301873,413.5,205.0,622.0,417.1,False,False
33061005700000,AUSTIN  4-09H,PARSHALL,Hyperbolic,0.056124845412154095,1462.5,45.4,2879.6,2834.1,False,False
33061006140000,AUSTIN   6-15H,PARSHALL,Exponential,0.04675764241276883,978.4,564.8,1391.9,827.0,False,False
33061006350000,PARSHALL  4-20H,PARSHALL,Exponential,0.05687930179354061,421.6,190.6,652.5,461.9,False,False
33061010150000,LIBERTY  101-12H,PARSHALL,Hyperbolic,0.04928075107797101,319.4,49.8,589.1,539.3,False,False
33061011640000,FERTILE   32-33H,PARSHALL,Hyperbolic,0.0751764894805333,294.2,0.0,616.9,616.9,False,True
33061017050000,FERTILE   42-3231H,PARSHALL,Hyperbolic,0.03403800556275496,652.3,335.0,969.5,634.5,False,False
33061017060000,FERTILE  40-1718H,PARSHALL,Hyperbolic,0.07717225396201682,471.3,0.0,969.6,969.6,False,False
33061032350000,VAN HOOK  132-1319H,PARSHALL,Hyperbolic,0.320897973080069,823.5,0.0,1862.0,1862.0,True,False
33061032360000,VAN HOOK  25-1319H,PARSHALL,Hyperbolic,0.16867844762037484,2208.0,530.9,3885.2,3354.4,False,False
33061034970000,SHELL  13-3225H,PARSHALL,Exponential,0.05379053634034445,1511.1,961.2,2061.0,1099.8,False,False
33061037390000,LIBERTY  35-1413H,PARSHALL,Hyperbolic,0.19544549789973345,1467.5,0.0,3563.9,3563.9,False,False
33061037400000,LIBERTY  33-1423H,PARSHALL,Hyperbolic,0.1044594612849635,1654.5,0.0,4605.5,4605.5,False,False
33061037640000,AUSTIN  59-1509H,PARSHALL,Exponential,0.05319815905910424,3105.0,1538.2,4671.9,3133.7,False,False
33061038000000,AUSTIN  454-1510H,PARSHALL,Exponential,0.07725782057982838,1031.5,459.2,1603.9,1144.7,False,False
33061038010000,AUSTIN  455-1510H,PARSHALL,Exponential,0.05879076918823031,1875.6,736.8,3014.4,2277.6,False,False
33061038020000,AUSTIN  463-1509H,PARSHALL,Exponential,0.05463062384040508,3042.5,1707.6,4377.4,2669.8,False,False
33061038260000,AUSTIN  441-2326H,PARSHALL,Hyperbolic,0.12425757732538002,2688.3,355.5,5021.1,4665.7,False,False
33061038270000,AUSTIN  440-2326H,PARSHALL,Exponential,0.0908791092596371,702.6,212.0,1193.1,981.2,False,False
33061038280000,AUSTIN  439-2326H,PARSHALL,Exponential,0.07100323055187027,2228.5,1098.2,3358.8,2260.6,False,False
33061038590000,AUSTIN   438-2635H,PARSHALL,Hyperbolic,0.384771557839424,1292.6,569.4,2015.8,1446.4,True,False
33061038600000,AUSTIN   437-2635H,PARSHALL,Exponential,0.14684306770851166,185.0,71.9,298.1,226.1,False,True
33061038610000,AUSTIN   436-2635H,PARSHALL,Hyperbolic,0.07525085501826574,2511.2,54.9,4967.5,4912.6,False,False
33061005970000,BAKKE 23  1-H,ALGER,Hyperbolic,0.046880070481167546,157.7,0.0,520.0,520.0,False,True
33061009200000,ROSS  3-04H,ALGER,Exponential,0.0323284434900019,465.0,314.6,615.3,300.7,False,False
33061013730000,BURES 20-29  #1TFH,ALGER,Hyperbolic,0.031220580656103804,1533.9,0.0,4518.9,4518.9,False,False
33061015440000,CHARLIE SORENSON 17-8  1-H,ALGER,Exponential,0.022717521121898586,2337.9,1340.5,3335.4,1994.9,False,False
33061020060000,PANZER  22-23 #2TFH,ALGER,Hyperbolic,0.36230365310031537,206.3,0.0,492.3,492.3,False,True
33061020390000,LIFFRIG  29-20 #4H,ALGER,Hyperbolic,0.09081252730553144,1459.4,84.5,2834.3,2749.8,False,False
33061020430000,WRIGHT   4-33 #3TFH,ALGER,Hyperbolic,0.03655615115375723,1074.9,0.0,4039.6,4039.6,False,False
33061021160000,WRIGHT  4-33 2TFH,ALGER,Hyperbolic,0.1063904269486922,915.1,0.0,2668.5,2668.5,False,False
33061021830000,CHARLIE SORENSON  17-8 3TFH,ALGER,Exponential,0.0494058841541547,1501.7,868.9,2134.5,1265.6,False,False
33061021840000,BURES  20-29 4TFH,ALGER,Exponential,0.052621929572521146,1312.1,924.7,1699.4,774.7,False,False
33061022620000,WRIGHT  4-33 5H,ALGER,Hyperbolic,0.10345602213967023,1183.4,0.0,3029.1,3029.1,False,False
33061023030000,PANZER 22-23  4H,ALGER,Hyperbolic,0.1516333522027412,43.6,0.0,237.2,237.2,False,True
33061035050000,PANZER 22-23  #6H,ALGER,Hyperbolic,0.036178321152993825,3837.0,0.0,11911.2,11911.2,False,False
33061035070000,PANZER 22-23  #8H,ALGER,Hyperbolic,0.04200634533241166,4911.5,0.0,13769.1,13769.1,False,False
33061037710000,EN-CVANCARA-  155-93-1522H-6,ALGER,Exponential,0.036689228321514014,1459.1,1057.4,1860.8,803.3,False,False
33061037720000,EN-CVANCARA-  155-93-1522H-5,ALGER,Hyperbolic,0.1990534999594992,813.5,0.0,1671.7,1671.7,False,False
33061037730000,EN-CVANCARA-  LE-155-93-1522H-1,ALGER,Hyperbolic,0.7526927833693636,1008.2,100.6,1915.9,1815.2,True,False
33061038490000,EN-CVANCARA-  LE-155-93-1523H-2,ALGER,Hyperbolic,0.43371248983337357,1400.6,41.3,2759.9,2718.6,False,False
33061008420000,EN-HERMANSON-154-93-  0235H-1,ROBINSON LAKE,Hyperbolic,0.03518011489015205,842.4,0.0,2065.7,2065.7,False,False
33061011650000,EN-L CVANCARA-155-93-  2726H-1,ROBINSON LAKE,Hyperbolic,0.04158033156492285,658.5,75.8,1241.3,1165.6,False,False
33061013790000,EN-FRANDSON-154-93-  2116H-1,ROBINSON LAKE,Hyperbolic,0.03536299328514261,879.7,38.8,1720.6,1681.8,False,False
33061015670000,EN-FRETHEIM A-155-93-  3334H-2,ROBINSON LAKE,Exponential,0.019544113120251186,1052.9,702.4,1403.3,700.9,False,False
33061017570000,EN-WEYRAUCH B-154-93-  3031H-1,ROBINSON LAKE,Hyperbolic,0.04763276254257101,1731.0,0.0,4751.4,4751.4,False,False
33061022120000,EN-FRETHEIM S-154-93-  0805H-5,ROBINSON LAKE,Hyperbolic,0.03323050593905642,1037.7,238.8,1836.7,1597.9,False,False
33061022570000,EN-STATE D  154-93-2635H-2,ROBINSON LAKE,Hyperbolic,0.02949788036574734,966.1,353.6,1578.6,1225.0,False,False
33061022590000,EN-STATE D  154-93-2635H-4,ROBINSON LAKE,Hyperbolic,0.028702375547076733,765.2,0.0,1578.7,1578.7,False,False
33061024480000,EN-HERMANSON A  155-93-3601H-4,ROBINSON LAKE,Hyperbolic,0.053605232829407094,930.7,277.1,1584.2,1307.2,False,False
33061027850000,EN-STATE D-  154-93-2635H-6,ROBINSON LAKE,Hyperbolic,0.033306788146608285,884.7,0.0,1883.4,1883.4,False,False
33061027860000,EN-STATE D-  154-93-2635H-7,ROBINSON LAKE,Hyperbolic,0.06630638245246832,869.8,183.7,1555.9,1372.2,False,False
33061027870000,EN-STATE D-  154-93-2635H-8,ROBINSON LAKE,Exponential,0.03035831399516722,831.5,610.5,1052.6,442.1,False,False
33061027880000,EN-STATE D-  154-93-2635H-9,ROBINSON LAKE,Exponential,0.02637625257578281,1186.1,766.0,1606.2,840.2,False,False
33061027890000,EN-STATE D-  154-93-2635H-10,ROBINSON LAKE,Exponential,0.0244626894612212,1385.0,982.8,1787.3,804.5,False,False
33061033540000,EN-WEYRAUCH B-  154-93-3031H-9,ROBINSON LAKE,Hyperbolic,0.07797049492288328,1600.6,0.0,3355.9,3355.9,False,False
33061033710000,EN-L CVANCARA-  155-93-2627H-7,ROBINSON LAKE,Hyperbolic,0.2872070585595992,1099.0,411.1,1787.0,1375.9,False,False
33061033720000,EN-L CVANCARA-  155-93-2627H-8,ROBINSON LAKE,Hyperbolic,0.2813445465686089,1044.5,104.8,1984.2,1879.4,False,False
33061033730000,EN-L CVANCARA-  155-93-2627H-9,ROBINSON LAKE,Hyperbolic,0.24153912101198285,993.0,408.1,1577.8,1169.6,False,False
33061033740000,EN-L CVANCARA-  155-93-2627H-10,ROBINSON LAKE,Hyperbolic,0.4861307251259801,1046.4,631.3,1461.5,830.2,False,False
33061035750000,EN-L CVANCARA-  155-93-2627H-11,ROBINSON LAKE,Hyperbolic,0.5571855734309991,1077.6,608.5,1546.7,938.2,True,False
33061037280000,EN-KMJ URAN-  LW-154-93-2733H-2,ROBINSON LAKE,Hyperbolic,0.07105977315609438,1614.1,400.3,2827.9,2427.6,False,False
33061038810000,EN-URAN A-  LE-154-93-2215H-1,ROBINSON LAKE,Hyperbolic,0.15132712222259864,2349.0,0.0,5804.2,5804.2,False,False
33061038820000,EN-RUUD-  LE-154-93-2735H-2,ROBINSON LAKE,Hyperbolic,0.6227331763489801,1089.8,314.2,1865.4,1551.2,True,False
33061038840000,EN-RUUD-  LE-154-93-2734H-1,ROBINSON LAKE,Hyperbolic,0.36926811641732793,1136.0,0.0,2558.2,2558.2,False,False
33061008740000,FLADELAND  44-31H,SANISH,Exponential,0.024490955640154636,587.0,322.4,851.5,529.2,False,False
33061020450000,BEN TTT  42-30TFX,SANISH,Hyperbolic,0.021497585003653587,987.2,375.1,1599.2,1224.1,False,False
33061020780000,FLADELAND  13-27TFH,SANISH,Exponential,0.030066859376684178,945.2,662.9,1227.5,564.6,False,False
33061031840000,LANGVED  5393 12-3 8T,SANISH,Hyperbolic,0.12821904786832633,739.2,0.0,1931.8,1931.8,False,False
33061031960000,LANGVED  5393 43-10 10B,SANISH,Hyperbolic,0.08444435396959056,3314.4,0.0,7400.2,7400.2,False,False
33061031980000,LANGVED  5393 43-10 9T2,SANISH,Hyperbolic,0.044058066859225795,1187.5,0.0,3200.2,3200.2,False,False
33061035170000,BURR FEDERAL  21-26H2,SANISH,Exponential,0.053104301054060665,3261.6,1333.1,5190.2,3857.2,False,False
33061035180000,BURR FEDERAL  11-26H,SANISH,Hyperbolic,0.10389712665236986,2448.5,0.0,8033.2,8033.2,False,False
33061035190000,BURR FEDERAL  12-26H1,SANISH,Hyperbolic,0.20443469955413612,1944.9,0.0,5156.4,5156.4,True,False
33061035200000,BURR FEDERAL  13-26H,SANISH,Hyperbolic,0.1035906538883071,2098.0,0.0,4936.7,4936.7,False,False
33061035950000,BRADY TTT  42-30XH,SANISH,Exponential,0.04822531821576137,1924.2,1258.4,2590.0,1331.6,False,False
33061016790000,HOWITZER  2-25H,BIG BEND,Exponential,0.019337747634432426,2666.2,1575.2,3757.1,2181.9,False,False
33061026100000,JUGARD {FEDERAL}  2-26-35H,BIG BEND,Hyperbolic,0.11486084274307039,517.0,0.0,2586.6,2586.6,False,False
33061026110000,JUGARD {FEDERAL}  6-26-35TFH,BIG BEND,Exponential,0.019433368916723332,2714.9,1458.7,3971.0,2512.3,False,False
33061032220000,HOWO  5-33-4TFH,BIG BEND,Exponential,0.03048509355652207,2734.7,662.7,4806.6,4143.9,False,False
33061033090000,PIKE {FEDERAL}  1 SLH,BIG BEND,Exponential,0.060276566564895113,1735.1,926.9,2543.2,1616.3,False,False
33061033950000,HOWO  6-33-4TFH,BIG BEND,Exponential,0.02465407319098202,2925.8,1263.0,4588.6,3325.6,False,False
33061033970000,HOWO  7-33-4TFH,BIG BEND,Exponential,0.03171090370536247,2677.4,1800.6,3554.2,1753.6,False,False
33061034860000,LIGHTNING FEDERAL  6-24-13TFH,BIG BEND,Exponential,0.03392517144876628,8144.5,4275.6,12013.5,7737.9,False,False
33061034870000,LIGHTNING FEDERAL  2-24-13H,BIG BEND,Hyperbolic,0.11242577655859493,2371.9,0.0,8079.0,8079.0,False,False
33061034880000,LIGHTNING FEDERAL  7-24-13TFH,BIG BEND,Exponential,0.025234959193190843,9455.2,5052.3,13858.1,8805.8,False,False
33061017680000,EN-SORENSON B-155-94-  3526H-2,ALKALI CREEK,Exponential,0.021596057651131425,1749.7,1151.0,2348.5,1197.5,False,False
33061033210000,EN-SORENSON B-  155-94-3526H-3,ALKALI CREEK,Hyperbolic,0.22327041839811645,978.6,25.1,1932.2,1907.1,False,False
33061033220000,EN-SORENSON B-  155-94-3526H-4,ALKALI CREEK,Hyperbolic,0.29258436526454973,981.8,226.2,1737.4,1511.2,False,False
33061033230000,EN-SORENSON B-  155-94-3526H-5,ALKALI CREEK,Hyperbolic,0.40160221367235327,946.9,140.9,1752.9,1611.9,False,False
33061033240000,EN-SORENSON B-  155-94-3526H-6,ALKALI CREEK,Hyperbolic,0.46215028712508494,754.0,271.6,1236.5,964.9,False,False
33061038420000,EN-PEDERSON-  LW-154-94-0408H-5,ALKALI CREEK,Hyperbolic,0.4857877054072426,1783.2,849.6,2716.9,1867.3,False,False
33061038430000,EN-PEDERSON-  LW-154-94-0408H-6,ALKALI CREEK,Hyperbolic,0.5562023326492589,838.8,288.7,1388.9,1100.1,False,False
33061038440000,EN-PEDERSON-  LW-154-94-0408H-7,ALKALI CREEK,Hyperbolic,0.2619012386728122,2276.5,750.8,3802.3,3051.5,False,False
33089005940000,HECKER  21-18TFH,BELL,Exponential,0.023170439213591337,1109.8,805.0,1414.5,609.4,False,False
33089006970000,OBRIGEWITCH  41-17PH,BELL,Hyperbolic,0.09663811603323832,228.2,0.0,685.5,685.5,False,True
33089007800000,OBRIGEWITCH  41-29PH,BELL,Hyperbolic,0.33085877020668514,234.7,0.0,514.6,514.6,True,True
33089007810000,OBRIGEWITCH  21-29PH,BELL,Hyperbolic,0.06619251440268145,546.0,184.2,907.8,723.6,False,False
33089007820000,OBRIGEWITCH  11-29PH,BELL,Hyperbolic,0.052960840853677624,318.1,17.2,619.0,601.8,False,False
33089008730000,OBRIGEWITCH  21-29-2PH,BELL,Exponential,0.09029202384202388,533.8,208.4,859.1,650.7,False,False
33089008740000,OBRIGEWITCH  11-29PHU,BELL,Exponential,0.0578161863470267,1494.2,575.3,2413.1,1837.8,False,False
33089008750000,OBRIGEWITCH  24-20PH,BELL,Exponential,0.06322771727840451,2252.9,1126.0,3379.8,2253.8,False,False
33089008760000,OBRIGEWITCH  44-19PHU,BELL,Exponential,0.057877253819886995,1307.1,279.3,2334.9,2055.6,False,False
33089008770000,OBRIGEWITCH  31-29PH,BELL,Exponential,0.07999053251402473,714.6,183.4,1245.7,1062.4,False,False
33105006860000,BEAVER LODGE-ORDOVICIAN UNIT     4,BEAVER LODGE,Exponential,0.07834424833774292,48.6,0.0,109.5,109.5,False,True
33105014820000,BLDU     EE-308,BEAVER LODGE,Exponential,0.06801786294338374,173.6,110.7,236.5,125.8,False,True
33105014960000,BLDU     CC-309,BEAVER LODGE,Exponential,0.018175784305099595,407.0,247.8,566.1,318.3,False,False
33105016160000,S. RAMBERG  6-1H,BEAVER LODGE,Exponential,0.022404674833512328,708.0,481.8,934.2,452.5,False,False
33105016600000,BL-ODEGAARD-156-95-  2116H-1,BEAVER LODGE,Hyperbolic,0.055805849405852606,147.1,11.2,283.0,271.9,False,True
33105024400000,BL-S RAMBERG-155-95-  0601H-2,BEAVER LODGE,Hyperbolic,0.009739903133359684,1859.8,745.4,2974.1,2228.7,False,False
33105039800000,BL-ODEGAARD-  156-95-2116H-8,BEAVER LODGE,Hyperbolic,0.3337366703022422,712.3,21.4,1403.2,1381.8,False,False
33105040660000,BL-DAVIDSON-  155-96-0211H-7,BEAVER LODGE,Hyperbolic,0.1984248778017791,837.3,5.1,1669.5,1664.3,False,False
33105040670000,BL-DAVIDSON-  155-96-0211H-6,BEAVER LODGE,Hyperbolic,0.708481666941647,412.7,233.8,591.7,357.9,False,False
33105040680000,BL-DAVIDSON-  155-96-0211H-5,BEAVER LODGE,Hyperbolic,0.6882690437042304,890.2,462.6,1317.8,855.2,False,False
33105040900000,BL-DAVIDSON-  156-96-3526H-8,BEAVER LODGE,Hyperbolic,0.32891115721493674,1369.9,615.2,2124.7,1509.5,False,False
33105042300000,BL-DAVIDSON-  156-96-3526H-7,BEAVER LODGE,Exponential,0.06457892824956257,921.3,547.9,1294.7,746.8,False,False
33105015510000,VIOLET OLSON  31-29H,DOLLAR JOE,Hyperbolic,0.04807412747317446,164.3,0.0,540.6,540.6,False,True
33105020870000,RAYMOND  21X-5,DOLLAR JOE,Hyperbolic,0.09125850648787315,679.7,215.3,1144.2,928.9,False,False
33105022470000,ANNAPOLIS  1-29H,DOLLAR JOE,Hyperbolic,0.02431230295483978,1100.0,0.0,3150.0,3150.0,False,False
33105023050000,RALEIGH  1-20H,DOLLAR JOE,Exponential,0.026203133674785502,1198.2,765.2,1631.2,866.0,False,False
33105036310000,ALLEN  21X-17B,DOLLAR JOE,Hyperbolic,0.16301169338071975,549.3,202.8,895.7,692.9,False,False
33105015520000,LEANN RAE  28-33H,MIDWAY,Hyperbolic,0.0197990016783452,401.8,187.5,616.1,428.6,False,False
33105024990000,ODEGAARD STATE   21X-16B,MIDWAY,Exponential,0.06776220162232666,714.3,446.8,981.9,535.2,False,False
33105038810000,ODEGAARD STATE  31X-16D,MIDWAY,Exponential,0.07181722847462224,1294.1,689.0,1899.3,1210.3,False,False
33105038820000,ODEGAARD STATE  31X-16G,MIDWAY,Hyperbolic,0.4627574421937012,778.1,450.9,1105.4,654.5,True,False
33105038830000,ODEGAARD STATE  31X-16C,MIDWAY,Exponential,0.1020923802260514,714.5,300.6,1128.5,827.9,False,False
33105038840000,ODEGAARD STATE  31X-16BXC,MIDWAY,Hyperbolic,0.23381466029019501,1694.5,0.0,3607.6,3607.6,False,False
33105039620000,ODEGAARD STATE  31X-16DXA,MIDWAY,Hyperbolic,0.13362180938010712,2403.0,452.7,4353.3,3900.6,False,False
33105039700000,ODEGAARD STATE  21X-16AXB,MIDWAY,Hyperbolic,0.12722643639548517,990.5,0.0,2730.4,2730.4,False,False
33105039750000,ODEGAARD STATE  21X-16E,MIDWAY,Hyperbolic,0.3356597522536879,1067.0,407.3,1726.7,1319.4,False,False
33105039760000,ODEGAARD STATE  21X-16A,MIDWAY,Hyperbolic,0.11053910864634849,2164.6,0.0,5014.5,5014.5,False,False
33105040070000,ODEGAARD STATE  21X-16F,MIDWAY,Hyperbolic,0.08788188122400441,552.5,0.0,2112.9,2112.9,False,False
33105016050000,E. BURDICK  29-32H,CAPA,Hyperbolic,0.03470318729510348,335.6,52.2,619.0,566.8,False,False
33105040970000,CA-RUSSELL SMITH-  155-96-2425H-1,CAPA,Hyperbolic,0.45613236491901615,1371.8,0.0,2994.1,2994.1,False,False
33105040980000,CA-RUSSELL SMITH-  155-96-2425H-2,CAPA,Hyperbolic,0.11469432276488922,401.9,0.0,1589.7,1589.7,False,False
33105040990000,CA-RUSSELL SMITH-  155-96-2425H-3,CAPA,Hyperbolic,0.36719914758225036,298.9,0.0,888.1,888.1,False,True
33105041000000,CA-RUSSELL SMITH-  155-96-2425H-4,CAPA,Hyperbolic,0.8339435650438272,466.1,277.5,654.6,377.1,True,False
33105041010000,CA-RUSSELL SMITH-  155-96-2425H-5,CAPA,Hyperbolic,0.3789790627575725,720.3,225.0,1215.7,990.7,False,False
33105041020000,CA-RUSSELL SMITH-  155-96-2425H-6,CAPA,Hyperbolic,0.2617243545835296,670.6,0.0,1554.0,1554.0,False,False
33105041860000,HAUSTVEIT  155-95-12-13-2MBH,CAPA,Hyperbolic,0.06839215713424034,1961.4,0.0,6607.9,6607.9,False,False
33105016650000,CHARLSON  11-16H,HOFFLUND,Exponential,0.016395561838116187,883.8,695.4,1072.1,376.7,False,False
33105039360000,LISA FEDERAL  14X-34F,HOFFLUND,Hyperbolic,0.1041400735347267,2365.8,0.0,5005.9,5005.9,False,False
33105039370000,LISA  14X-34E,HOFFLUND,Hyperbolic,0.2868721354911165,2187.6,222.0,4153.2,3931.2,False,False
33105039380000,LISA  14X-34A,HOFFLUND,Hyperbolic,0.1844241017950918,2989.7,0.0,6004.5,6004.5,False,False
33105020480000,GUST  2-11  1H,LONG CREEK,Exponential,0.02808446838039954,3333.5,1180.0,5487.0,4307.0,False,False
33105036090000,GUST  2-11 3TFH,LONG CREEK,Hyperbolic,0.3910318681141384,406.1,163.8,648.3,484.5,False,False
33105036100000,GUST  2-11 2H,LONG CREEK,Hyperbolic,0.0966450171664192,2351.6,0.0,4847.8,4847.8,False,False
33105023150000,CLARK  5602 12-13H,TYRONE,Hyperbolic,0.24479452761645118,82.1,0.0,186.8,186.8,False,True
33105023760000,BERGER   156-101-9-4-1H,TYRONE,Hyperbolic,0.04834040632426377,832.5,0.0,1780.7,1780.7,False,False
33105034180000,LOGAN   5601 11-26 8T,TYRONE,Hyperbolic,0.09178297173561467,735.9,0.0,2019.1,2019.1,False,False
33105034200000,LOGAN   5601 13-26 4T,TYRONE,Hyperbolic,0.10454629928639217,891.8,0.0,1870.0,1870.0,False,False
33105034320000,MCCAULEY  5601 41-34 5T,TYRONE,Exponential,0.017197782564159828,1585.3,863.9,2306.6,1442.7,False,False
33105036540000,MCCAULEY LOGAN  5601 11-26 6T,TYRONE,Hyperbolic,0.10725050026607505,624.7,0.0,1583.0,1583.0,False,False
33105026980000,ADDYSON  2-23H,BROOKLYN,Exponential,0.01880764159741595,1312.5,577.0,2048.1,1471.0,False,False
33105026990000,ADDYSON  3-23H,BROOKLYN,Exponential,0.029980290547182,434.5,157.9,711.0,553.1,False,False
33105028210000,JUNEAU  4-11H,BROOKLYN,Hyperbolic,0.09169541927260323,1187.2,0.0,2444.1,2444.1,False,False
33105038140000,HELENA  7-7H1,BROOKLYN,Hyperbolic,0.13932489580634883,2033.9,0.0,4882.9,4882.9,False,False
33105038160000,HELENA  5-7H1,BROOKLYN,Hyperbolic,0.16907146202198864,1001.7,0.0,2733.9,2733.9,False,False
33105038520000,HELENA  4-7H,BROOKLYN,Hyperbolic,0.09253581992017289,2590.5,0.0,5603.5,5603.5,False,False
33105040410000,ADDYSON  4-23H,BROOKLYN,Hyperbolic,0.11216466645276667,1744.2,0.0,3497.5,3497.5,False,False
33105040420000,ADDYSON  5-23H,BROOKLYN,Hyperbolic,0.09339165857657593,920.9,0.0,2491.9,2491.9,False,False
33105028520000,ALEXANDER  26-35-3H,EPPING,Exponential,0.09101906666238116,1221.9,538.2,1905.6,1367.4,False,False
33105039930000,P EARL RENNERFELDT  154-99-2-3-27-2H3,EPPING,Hyperbolic,0.22262008560324345,1032.7,445.1,1620.3,1175.2,False,False
33105039940000,P EARL RENNERFELDT  154-99-2-3-27-2H,EPPING,Hyperbolic,0.23172908801674402,1709.8,96.6,3323.0,3226.5,False,False
33105039990000,P LYNCH  155-99-14-33-28-2H,EPPING,Hyperbolic,0.1870673596993018,1742.0,271.8,3212.2,2940.4,False,False
33105040010000,P LYNCH  155-99-14-33-28-3H,EPPING,Hyperbolic,0.32147011876864806,1783.3,893.1,2673.5,1780.4,False,False
33105040120000,P BIBLER  155-99-15W-31-30-3H3,EPPING,Hyperbolic,0.07587272239858685,1288.9,0.0,2832.9,2832.9,False,False
33105031090000,WALLACE  21X-2A,WEST CAPA,Hyperbolic,0.0336376421309579,725.3,0.0,2035.2,2035.2,False,False
33105039710000,SMOUSE  31X-28C,WEST CAPA,Hyperbolic,0.16771687096104307,1119.8,0.0,2547.4,2547.4,False,False
33105039730000,SMOUSE  31X-28D,WEST CAPA,Hyperbolic,0.29797391450421146,958.1,97.9,1818.4,1720.5,False,False
33105039740000,SMOUSE  31X-28H,WEST CAPA,Hyperbolic,0.27335097368288225,793.5,0.0,1991.8,1991.8,False,False
33105040090000,SMOUSE  31X-28DXA,WEST CAPA,Hyperbolic,0.2913324976251144,1103.4,0.0,2340.7,2340.7,False,False
33105032680000,DOUBLE DOWN  24-13 2H,EAST FORK,Hyperbolic,0.10969904723582151,2288.3,814.7,3761.9,2947.2,False,False
33105032700000,DOUBLE DOWN  24-13 4TFH,EAST FORK,Exponential,0.0672478367028996,1153.3,583.8,1722.7,1138.9,False,False
33105037380000,EAST FORK 32-29  #6TFH,EAST FORK,Hyperbolic,0.25864149090381955,1146.4,0.0,3264.0,3264.0,False,False
33105037580000,P BERGER  156-100-14-7-6-4H,EAST FORK,Hyperbolic,0.09131708524962624,1745.6,684.0,2807.2,2123.2,False,False
33105037590000,P BERGER  156-100-14-7-6-4H3,EAST FORK,Hyperbolic,0.3073745363019589,921.0,535.7,1306.3,770.6,False,False
33105037610000,P BERGER  156-100-14-7-6-3H,EAST FORK,Hyperbolic,0.3296838393946096,1147.1,319.5,1974.8,1655.3,False,False
33105039900000,JUDY 22-15  #7TFH,EAST FORK,Hyperbolic,0.06323869737342566,2197.4,0.0,6803.9,6803.9,False,False
33105040230000,P BERGER  156-100-14-7-19-13H,EAST FORK,Hyperbolic,0.28762088954857384,1595.2,601.0,2589.3,1988.3,False,False
33105040250000,P BERGER  156-100-14-7-19-14H,EAST FORK,Hyperbolic,0.2086721506456382,1551.8,1025.9,2077.7,1051.7,False,False
33105035870000,P JOHNSON  153-98-1-6-7-16H,TRUAX,Hyperbolic,0.2009870610003453,2604.5,1270.5,3938.5,2668.0,False,False
33105035890000,P JOHNSON  153-98-1-6-7-16HA,TRUAX,Hyperbolic,0.16130697850381112,3081.3,1000.9,5161.7,4160.7,False,False
33105040310000,P PANKOWSKI  153-98-4-6-7-13H,TRUAX,Exponential,0.05151712744653139,1835.1,1279.8,2390.4,1110.6,False,False
33105040320000,P PANKOWSKI  153-98-4-6-7-13H3,TRUAX,Hyperbolic,0.1642650471055457,1321.5,739.9,1903.1,1163.2,False,False
33105040330000,P PANKOWSKI  153-98-4-6-7-13HA,TRUAX,Hyperbolic,0.0811417440077928,1184.8,0.0,2750.9,2750.9,False,False
33105040340000,P PANKOWSKI  153-98-4-6-7-14H3,TRUAX,Hyperbolic,0.09219612976296285,1857.6,1111.8,2603.3,1491.5,False,False
33105040450000,CARSCALLEN  31-14-1TFH,TRUAX,Exponential,0.04537600865925756,885.1,508.5,1261.7,753.2,False,False
33105040470000,CARSCALLEN  31-14-3TFH,TRUAX,Hyperbolic,0.22691048237446695,1714.9,150.3,3279.6,3129.4,False,False
33105037780000,ND STATE  158-95-21-28-4TFH,MCGREGOR,Hyperbolic,0.1547972932497247,996.5,105.9,1887.1,1781.3,False,False
33105037790000,ND STATE  158-95-21-28-3MBH,MCGREGOR,Hyperbolic,0.31985217057592813,1035.2,273.1,1797.4,1524.3,False,False
33105037800000,ND STATE  158-95-21-28-3TFH,MCGREGOR,Hyperbolic,0.465410130077326,404.0,0.0,894.3,894.3,False,False
33105039630000,LEON  158-95-17-8-1TFH,MCGREGOR,Hyperbolic,0.26661492698051314,720.7,276.0,1165.5,889.5,False,False
33105039640000,LEON  158-95-17-8-1MBH,MCGREGOR,Hyperbolic,0.2678248856952663,636.9,124.0,1149.8,1025.8,False,False
33105039650000,LEON  158-95-17-8-2MBH,MCGREGOR,Hyperbolic,0.1253217072827686,805.6,0.0,2205.6,2205.6,False,False
33105039660000,LEON  158-95-17-8-3TFH,MCGREGOR,Hyperbolic,0.3979159632887682,606.1,149.1,1063.2,914.2,False,False
33105038100000,P BIBLER  155-99-16-31-8-13H,STOCKYARD CREEK,Hyperbolic,0.38821946923309697,1389.3,340.9,2437.8,2096.9,False,False
33105038110000,P BIBLER  155-99-16-31-7-16H3A,STOCKYARD CREEK,Hyperbolic,0.322682692465388,839.8,368.1,1311.6,943.5,False,False
33105038120000,P BIBLER  155-99-16-31-7-16H,STOCKYARD CREEK,Hyperbolic,0.07990431672486284,609.0,0.0,1590.3,1590.3,False,False
33105038130000,P BIBLER  155-99-16-31-7-16H3,STOCKYARD CREEK,Hyperbolic,0.06356635000964701,791.8,0.0,1982.2,1982.2,False,False
33105039970000,P EARL RENNERFELDT  154-99-2-3-10-15H3,STOCKYARD CREEK,Hyperbolic,0.2693286820684251,1655.2,642.8,2667.6,2024.8,False,False
33105039980000,P EARL RENNERFELDT  154-99-2-3-10-15H,STOCKYARD CREEK,Hyperbolic,0.2209562984158034,1464.1,438.4,2489.9,2051.5,False,False
33105040030000,MARTY  31-4H,STOCKYARD CREEK,Exponential,0.05121285331345473,1993.8,1387.4,2600.2,1212.9,False,False
33105040050000,CONNIE  21-4H,STOCKYARD CREEK,Hyperbolic,0.1596199678478557,1870.8,246.2,3495.5,3249.4,False,False
33105040060000,RONNA  21-4TFH,STOCKYARD CREEK,Hyperbolic,0.21046866089413702,586.1,0.0,1690.6,1690.6,False,False
33105040100000,P BIBLER  155-99-15W-31-7-14H3,STOCKYARD CREEK,Hyperbolic,0.33629188921049563,868.9,315.3,1422.5,1107.2,False,False
33105040110000,P BIBLER  155-99-15W-31-7-14H,STOCKYARD CREEK,Hyperbolic,0.1453574678846118,1239.4,71.4,2407.5,2336.1,False,False
33105039170000,EVELYN  31X-3C,LINDAHL,Hyperbolic,0.11581739377289844,747.8,104.6,1390.9,1286.3,False,False
33105039180000,EVELYN  31X-3GXH,LINDAHL,Exponential,0.049930220254914594,1229.9,777.2,1682.7,905.5,False,False
33105039190000,EVELYN  31X-3D,LINDAHL,Hyperbolic,0.36533403716767354,1244.7,289.1,2200.4,1911.3,False,False
33105039200000,EVELYN  31X-3H,LINDAHL,Hyperbolic,0.17016925540002595,1535.8,0.0,4266.3,4266.3,False,False
33105039470000,EVELYN  31X-3DXA,LINDAHL,Exponential,0.05514846075553846,2188.1,1185.7,3190.5,2004.8,False,False
