API,WellName,FieldName,BestModel,Best_D,Last_Production,Significant,Forecast_M1,Forecast_M2,Forecast_M3,Forecast_M4,Forecast_M5,Forecast_M6,Crosses_Threshold,Months_Until_Threshold
33009002050000,NEWBURG-SPEARFISH-CHARLES UNIT     R-712,NEWBURG,Hyperbolic,0.07238659709346891,65.0,False,38.8,37.7,36.7,35.8,34.9,34.0,True,1.0
33009002820000,NEWBURG-SPEARFISH-CHARLES UNIT     I-719,NEWBURG,Hyperbolic,0.061254384435627,118.0,False,116.6,113.0,109.6,106.4,103.4,100.5,True,1.0
33009024170000,NSCU  G-718-H1,NEWBURG,Hyperbolic,0.025847757523979952,169.0,False,209.6,204.7,199.8,195.1,190.4,185.9,True,1.0
33013009220000,PETERSON     42-23,FLAXTON,Hyperbolic,0.022124130905812556,77.0,False,104.1,102.7,101.4,100.2,98.9,97.7,True,1.0
33013009360000,GUDRUN     1,FLAXTON,Exponential,0.013943427432097425,119.0,False,130.0,128.2,126.4,124.6,122.9,121.2,True,1.0
33013010740000,HARMS     21-9,FLAXTON,Hyperbolic,0.024874206267128274,63.0,False,63.1,61.6,60.2,58.8,57.5,56.2,True,1.0
33013017530000,BRATLAND  3-1H,PORTAL,Exponential,0.0426671122504899,662.0,False,473.6,453.8,434.8,416.7,399.3,382.6,False,
33013017910000,BUSCH  5-1H,PORTAL,Hyperbolic,0.12030007649092388,498.0,False,405.2,395.6,386.4,377.6,369.2,361.1,False,
33013018180000,BUSCH TRUST  31-30 164-92 A,PORTAL,Hyperbolic,0.11721838064984635,692.0,False,358.6,335.6,314.4,294.7,276.5,259.6,True,4.0
33013018190000,BUSCH TRUST  31-30 164-92 B,PORTAL,Exponential,0.0715486964094232,769.0,False,586.9,546.3,508.6,473.5,440.8,410.4,False,
33013018200000,BUSCH TRUST  06-07 163-92 B,PORTAL,Hyperbolic,0.10412766080656154,491.0,False,309.8,293.5,278.2,264.0,250.6,238.1,True,2.0
33023001340000,HOWARD     1,HAMLET,Hyperbolic,0.007762104892525569,558.0,False,597.2,593.5,589.8,586.2,582.6,579.1,False,
33023006250000,FARVER   1-29H,HAMLET,Exponential,0.048746432809295255,49.0,False,79.8,76.0,72.4,69.0,65.7,62.5,True,1.0
33023007030000,SALO  2-35H,HAMLET,Hyperbolic,0.059555412811263635,349.0,False,308.4,302.4,296.7,291.1,285.8,280.6,True,3.0
33023008080000,TORGESON  2-30HNA,WEST AMBROSE,Exponential,0.018849082986321663,993.0,False,990.6,972.1,953.9,936.1,918.6,901.5,False,
33023008270000,CPEUSC FAIRHOLM  33-34-164N-100W,WEST AMBROSE,Exponential,0.034284438398763564,839.0,False,1271.3,1228.4,1187.0,1147.0,1108.3,1071.0,False,
33023008570000,CPEUSC ALDAG  36-35-164N-100W,WEST AMBROSE,Exponential,0.015200887988017775,1983.0,False,2130.9,2098.7,2067.1,2035.9,2005.2,1974.9,False,
33023013340000,CPEUSC ALDAG  4-36-35-164N-100W,WEST AMBROSE,Exponential,0.029401596946245133,2350.0,False,3316.0,3220.0,3126.7,3036.1,2948.1,2862.7,False,
33023013650000,LARSON FEDERAL   15-34H,WEST AMBROSE,Hyperbolic,0.16512486852576266,1088.0,True,1180.2,1150.9,1123.0,1096.4,1071.0,1046.8,False,
33023013700000,CPEUSC FAIRHOLM  4-33-34-164N-100W,WEST AMBROSE,Exponential,0.03399582479800903,1790.0,False,2483.4,2400.4,2320.1,2242.6,2167.6,2095.2,False,
33023013610000,HERLAND  14-12HN,BURG,Hyperbolic,0.1350844327246612,903.0,False,712.3,687.1,663.2,640.7,619.3,599.1,False,
33023013620000,HERLAND  14-12HS,BURG,Hyperbolic,0.17844564521791723,1213.0,False,1064.7,1036.0,1008.9,983.0,958.4,935.0,False,
33105039260000,ELIAS  1-21H,BURG,Exponential,0.02557055539348906,1396.0,False,1320.6,1287.2,1254.8,1223.1,1192.2,1162.1,False,
33023013790000,BISSONNETTE  14B-31HS,SKABO,Hyperbolic,0.14251862443652505,642.0,False,449.4,430.3,412.4,395.6,379.7,364.8,False,
33023013820000,HAY FARMS   14B-20HN,SKABO,Hyperbolic,0.09938257714303848,700.0,False,510.1,483.4,458.5,435.1,413.3,392.8,False,
33023013930000,NYSTUEN  14B-35HS,SKABO,Exponential,0.04373348421622826,1668.0,False,1445.7,1383.8,1324.6,1267.9,1213.7,1161.8,False,
33025003160000,PATTEN     5C-2-1,LITTLE KNIFE,Exponential,0.01881062624963569,82.0,False,81.0,79.5,78.0,76.6,75.2,73.8,True,1.0
33025008330000,HAMILTON  35-1H,LITTLE KNIFE,Hyperbolic,0.018007931420846404,629.0,False,587.5,581.1,574.8,568.6,562.6,556.7,False,
33025023480000,MARINENKO   145-97-30B-31-3H,LITTLE KNIFE,Hyperbolic,0.2577939185720314,3195.0,False,1700.2,1652.4,1607.2,1564.4,1523.8,1485.3,False,
33025006460000,BENZ   24-21H,BAILEY,Hyperbolic,0.08371604098772943,1635.0,False,2213.0,2166.2,2121.2,2078.1,2036.6,1996.8,False,
33025016980000,DIAMOND A  34-21TFH,BAILEY,Exponential,0.018005720465521267,688.0,False,1308.0,1284.6,1261.7,1239.2,1217.1,1195.4,False,
33025026580000,TRINITY  14-21H,BAILEY,Hyperbolic,0.33842199364365017,2495.0,False,2585.7,2515.1,2448.2,2384.8,2324.6,2267.3,False,
33025026590000,RINGER  14-21TFH,BAILEY,Hyperbolic,0.15962404104260114,2287.0,False,2045.2,1991.3,1940.2,1891.6,1845.3,1801.3,False,
33025026600000,WILHELM  24-21TFH,BAILEY,Hyperbolic,0.27543164455272984,2315.0,False,1845.9,1793.7,1744.3,1697.5,1653.2,1611.1,False,
33025026610000,ULMER  24-21H,BAILEY,Hyperbolic,0.12142932975122915,2246.0,False,2014.2,1945.3,1880.2,1818.5,1760.1,1704.7,False,
33025009240000,CCU NORTH COAST  11-25H,CORRAL CREEK,Exponential,0.019656588023666606,2456.0,False,2951.5,2894.0,2837.7,2782.4,2728.3,2675.2,False,
33025017230000,CCU BURNER  21-26MBH,CORRAL CREEK,Exponential,0.02927853833446905,2080.0,False,2121.4,2060.2,2000.7,1943.0,1886.9,1832.5,False,
33025020680000,CCU FOUR ACES  44-21TFH,CORRAL CREEK,Exponential,0.025944869741170613,717.0,False,1499.2,1460.8,1423.4,1386.9,1351.4,1316.8,False,
33025023920000,CCU RED RIVER  34-9TFH,CORRAL CREEK,Exponential,0.02503378975140109,523.0,False,1752.5,1709.2,1666.9,1625.7,1585.5,1546.3,False,
33025025350000,CCU PULLMAN  3-8-7MBH,CORRAL CREEK,Exponential,0.08575136694268172,1444.0,False,1075.1,986.7,905.7,831.2,762.9,700.2,False,
33025026520000,CCU NORTH COAST  4-8-23MBH,CORRAL CREEK,Hyperbolic,0.1252384374815628,2748.0,False,1913.4,1866.4,1821.6,1778.8,1738.1,1699.1,False,
33025028630000,CCU RED RIVER  7-2-15TFH,CORRAL CREEK,Hyperbolic,0.1251176875539215,2336.0,False,2314.2,2244.7,2178.9,2116.3,2056.9,2000.4,False,
33025028640000,CCU RED RIVER  8-2-15MBH,CORRAL CREEK,Hyperbolic,0.12365431859339622,2777.0,False,2462.0,2384.5,2310.8,2240.8,2174.2,2110.8,False,
33025028650000,CCU GOPHER  1-2-15TFH,CORRAL CREEK,Hyperbolic,0.2545689054528535,2336.0,True,1939.1,1890.1,1843.5,1799.1,1756.9,1716.5,False,
33025028660000,CCU GOPHER  2-2-15MBH,CORRAL CREEK,Hyperbolic,0.1268675274147467,2823.0,False,2105.8,2023.0,1944.9,1871.3,1801.6,1735.8,False,
33025028970000,CCU BISON POINT  34-34TFH,CORRAL CREEK,Hyperbolic,0.12319554973683233,3359.0,False,2658.3,2591.2,2527.3,2466.4,2408.1,2352.4,False,
33025029280000,CCU PACIFIC EXPRESS   12-19 TFH,CORRAL CREEK,Exponential,0.03865584704199208,8240.0,False,7196.8,6923.9,6661.4,6408.8,6165.8,5932.0,False,
33025029290000,CCU ATLANTIC EXPRESS  13-19 TFH,CORRAL CREEK,Hyperbolic,0.066836536524793,8776.0,False,5560.8,5307.7,5069.4,4844.9,4633.1,4433.2,False,
33025029300000,CCU ATLANTIC EXPRESS  23-19 MBH,CORRAL CREEK,Hyperbolic,0.07141999516606384,10013.0,False,6778.4,6557.0,6347.9,6150.2,5963.1,5785.7,False,
33025029850000,CCU BOXCAR  4-7-22TFH,CORRAL CREEK,Hyperbolic,0.046376472808808696,5742.0,False,6354.3,6237.2,6124.2,6015.3,5910.2,5808.6,False,
33025029860000,CCU AUDUBON  3-7-22TFH,CORRAL CREEK,Exponential,0.060862804391191544,2369.0,False,2545.2,2394.9,2253.5,2120.4,1995.2,1877.4,False,
33025030000000,CCU ATLANTIC EXPRESS  41-30MBH,CORRAL CREEK,Exponential,0.033443444045421815,10180.0,False,7377.1,7134.5,6899.8,6672.9,6453.4,6241.1,False,
33025030010000,CCU PLYMOUTH  11-29TFH,CORRAL CREEK,Exponential,0.037241838028924355,6405.0,False,4912.8,4733.2,4560.2,4393.5,4232.9,4078.1,False,
33025030020000,CCU PLYMOUTH  11-29MBH,CORRAL CREEK,Exponential,0.027878684009876593,6362.0,False,5393.2,5244.9,5100.7,4960.4,4824.1,4691.4,False,
33025030030000,CCU PLYMOUTH  21-29TFH,CORRAL CREEK,Hyperbolic,0.10513649759004337,4893.0,False,4295.8,4166.7,4045.1,3930.4,3822.0,3719.3,False,
33025030050000,CROSBY USA  41-6H,CORRAL CREEK,Hyperbolic,0.29793907865149943,1297.0,True,984.4,959.8,936.4,914.1,892.8,872.5,False,
33025011720000,ANNA G. BAKER  6B-30-2H TF,MCGREGORY BUTTES,Hyperbolic,0.17588725543184647,4235.0,False,3275.9,3177.9,3085.5,2998.3,2915.9,2837.9,False,
33025015400000,FORT BERTHOLD  147-94-2A-11-2H,MCGREGORY BUTTES,Exponential,0.026573789348357853,1616.0,False,2393.3,2330.5,2269.4,2209.9,2152.0,2095.5,False,
33025026820000,FORT BERTHOLD  148-94-33D-28-7H,MCGREGORY BUTTES,Hyperbolic,0.10131674597436002,15004.0,False,5398.5,5271.6,5150.5,5034.8,4924.2,4818.3,False,
33025028820000,BURROWING  147-94-13B-24H,MCGREGORY BUTTES,Hyperbolic,0.14638233499938166,7741.0,False,5806.0,5626.6,5457.3,5297.4,5146.0,5002.6,False,
33025028830000,SCREECH  147-94-13B-24H,MCGREGORY BUTTES,Hyperbolic,0.17205628433429468,4888.0,False,4930.9,4802.8,4681.1,4565.5,4455.3,4350.4,False,
33025028840000,SNOWY  147-94-13A-24H TF,MCGREGORY BUTTES,Hyperbolic,0.8732191516499661,1393.0,True,1296.0,1256.5,1219.4,1184.4,1151.3,1120.0,False,
33025028850000,BARN  147-94-13A-24H,MCGREGORY BUTTES,Hyperbolic,0.2469001164487541,6005.0,False,4032.3,3925.4,3824.0,3727.7,3636.0,3548.8,False,
33025029010000,FORT BERTHOLD  147-94-2B-11-6H,MCGREGORY BUTTES,Hyperbolic,0.1441665428224541,2520.0,False,4173.8,4049.9,3933.0,3822.7,3718.4,3619.6,False,
33025029020000,FORT BERTHOLD  147-94-2B-11-7H,MCGREGORY BUTTES,Hyperbolic,0.31465710834077937,449.0,False,1224.2,1170.1,1119.8,1073.0,1029.3,988.5,False,
33025029030000,FORT BERTHOLD  147-94-2B-11-8H,MCGREGORY BUTTES,Hyperbolic,0.13450612679094298,1052.0,False,749.1,667.4,595.0,530.8,473.8,423.1,False,
33025029050000,FORT BERTHOLD  147-94-2B-11-9H,MCGREGORY BUTTES,Exponential,0.055157583294341506,2727.0,False,3116.4,2949.2,2790.9,2641.1,2499.4,2365.3,False,
33025030270000,TOWN HALL   148-93-31C-30H,MCGREGORY BUTTES,Hyperbolic,0.15225072692225505,4146.0,False,2585.2,2448.1,2321.0,2203.1,2093.5,1991.4,False,
33025014280000,ESTHER FEDERAL   34X-28G,LOST BRIDGE,Hyperbolic,0.018044952360137912,2582.0,False,2630.4,2599.5,2569.3,2539.8,2510.9,2482.7,False,
33025027280000,JORGENSON FEDERAL   148-96-10-15-3H,LOST BRIDGE,Hyperbolic,0.1278482015562784,3190.0,False,4869.3,4739.7,4616.6,4499.5,4388.0,4281.8,False,
33025027290000,JORGENSON FEDERAL   148-96-10-15-2HR,LOST BRIDGE,Hyperbolic,0.09615888940348978,4241.0,False,3669.6,3516.4,3372.2,3236.3,3108.0,2986.9,False,
33025030390000,JORGENSON FEDERAL  148-96-10-15-12H,LOST BRIDGE,Hyperbolic,0.17333977365408254,2648.0,False,2076.0,1978.2,1887.2,1802.3,1723.1,1649.0,False,
33025021550000,CLARENCE FEDERAL  34X-7C,HAYSTACK BUTTE,Hyperbolic,0.07982319726131909,1152.0,False,1077.7,1055.4,1033.9,1013.3,993.5,974.4,False,
33025028290000,DAKOTA FEDERAL  41X-16D,HAYSTACK BUTTE,Exponential,0.051416806171752094,2916.0,False,4209.9,3998.9,3798.5,3608.1,3427.3,3255.5,False,
33053035990000,CONNER  34-9H,HAYSTACK BUTTE,Hyperbolic,0.022347918442061698,1365.0,False,1292.2,1275.3,1258.8,1242.7,1227.1,1211.8,False,
33025024180000,WILLIAM FEDERAL  41X-6C,BEAR DEN,Hyperbolic,0.05053099467259902,2411.0,False,1663.5,1631.8,1601.3,1571.9,1543.5,1516.2,False,
33053029920000,FEDERAL  34X-14,BEAR DEN,Exponential,0.04340228555459997,627.0,False,2059.0,1971.5,1887.8,1807.6,1730.8,1657.3,False,
33053032000000,JOHNSRUD FEDERAL  34X-14,BEAR DEN,Hyperbolic,0.06091090481092189,2377.0,False,1544.8,1511.4,1479.3,1448.5,1418.9,1390.3,False,
33053062550000,JOHNSRUD FEDERAL  34X-14G,BEAR DEN,Hyperbolic,0.11706251212083885,3704.0,False,2225.2,2143.3,2066.0,1992.9,1923.6,1857.9,False,
33053064190000,JOHNSRUD FEDERAL  34X-14A,BEAR DEN,Hyperbolic,0.07367864619485734,2237.0,False,3567.5,3396.0,3234.4,3082.2,2938.7,2803.3,False,
33053064200000,JOHNSRUD FEDERAL  34X-14AXB,BEAR DEN,Hyperbolic,0.16007697079153863,2054.0,False,2951.2,2839.5,2734.5,2635.5,2542.2,2454.0,False,
33053068070000,JOHNSRUD FEDERAL  34X-14F,BEAR DEN,Hyperbolic,0.1449048428960643,4172.0,False,2504.3,2425.3,2350.5,2279.5,2212.1,2148.0,False,
33025026070000,MANDAREE  30-31HA,REUNION BAY,Hyperbolic,0.018913303226163337,5007.0,False,4940.8,4884.3,4829.2,4775.2,4722.4,4670.8,False,
33061011630000,WAKELUM  21-3H,REUNION BAY,Exponential,0.035469291126037084,835.0,False,1452.1,1401.5,1352.7,1305.5,1260.0,1216.1,False,
33061018480000,OSTLUND  11-14H,REUNION BAY,Hyperbolic,0.03914518148683694,2090.0,False,2007.1,1966.6,1927.5,1889.6,1852.9,1817.5,False,
33061018520000,WAKELUM  41-3H,REUNION BAY,Exponential,0.01864251452879801,1928.0,False,1891.4,1856.4,1822.1,1788.5,1755.5,1723.0,False,
33061018790000,MHA USA  11-4H,REUNION BAY,Exponential,0.0254409017644456,1636.0,False,1643.8,1602.5,1562.2,1523.0,1484.7,1447.4,False,
33061018910000,OSTLUND  11-14TFH,REUNION BAY,Exponential,0.02208661550203,1487.0,False,1494.3,1461.7,1429.8,1398.5,1368.0,1338.1,False,
33061019050000,WAKELUM  31-3TFH,REUNION BAY,Exponential,0.014680544753972086,2034.0,False,1937.8,1909.6,1881.7,1854.3,1827.3,1800.7,False,
33061025480000,RUDOLPH  44-10TFH,REUNION BAY,Exponential,0.01765877809375239,1200.0,False,1909.2,1875.7,1842.9,1810.7,1779.0,1747.8,False,
33061029130000,GROVER  11-3TFH,REUNION BAY,Exponential,0.024019140515448935,1940.0,False,1688.8,1648.7,1609.6,1571.4,1534.1,1497.7,False,
33025026210000,MANDAREE  24-13HD,SPOTTED HORN,Exponential,0.054795873450536596,4245.0,False,5520.3,5225.9,4947.3,4683.5,4433.8,4197.3,False,
33053028820000,HENDERSON  4-25H,SPOTTED HORN,Hyperbolic,0.4171953450656457,500.0,False,862.7,826.7,793.6,763.0,734.6,708.3,False,
33053028830000,STATE  4-36H,SPOTTED HORN,Hyperbolic,0.3829781554743382,2269.0,False,996.3,968.9,943.0,918.3,894.8,872.5,False,
33053028850000,JONES   4-24H,SPOTTED HORN,Hyperbolic,0.41996430143318647,1090.0,False,657.8,637.3,618.0,599.9,582.8,566.6,False,
33053037210000,FOREMAN  5-2/1H,SPOTTED HORN,Hyperbolic,0.10471321470834583,1456.0,False,1159.8,1125.9,1093.7,1062.9,1033.5,1005.4,False,
33053062880000,EMMA OWNER  23-14HB,SPOTTED HORN,Hyperbolic,0.08734121059346361,9132.0,False,4491.8,4309.8,4137.8,3975.0,3820.9,3674.8,False,
33053062890000,EMMA OWNER  23-14HX,SPOTTED HORN,Hyperbolic,0.2748962864854911,3206.0,False,3932.5,3832.4,3737.2,3646.6,3560.3,3478.0,False,
33053062900000,EMMA OWNER  23-14HC,SPOTTED HORN,Hyperbolic,0.2128061976707401,4131.0,False,4268.3,4159.8,4056.7,3958.6,3865.0,3775.8,False,
33053062910000,EMMA OWNER  23-14HD,SPOTTED HORN,Hyperbolic,0.24584192967835425,6156.0,False,4462.7,4344.4,4232.2,4125.7,4024.3,3927.8,False,
33053062920000,EMMA OWNER  23-14HW,SPOTTED HORN,Hyperbolic,0.31545000684482,945.0,False,3143.5,3062.5,2985.6,2912.4,2842.7,2776.3,False,
33053063220000,MUSKRAT  150-94-04B-09H,SPOTTED HORN,Hyperbolic,0.2314607102769371,4367.0,False,4476.6,4361.8,4252.6,4148.8,4049.9,3955.6,False,
33053063240000,RACCOON  150-94-04B-09H,SPOTTED HORN,Hyperbolic,0.2556834972060186,5838.0,False,4266.7,4150.1,4039.6,3934.9,3835.4,3740.8,False,
33053063510000,FOREMAN  6-2-1TH,SPOTTED HORN,Hyperbolic,0.12323225126282486,166.0,False,957.7,918.8,882.0,847.4,814.7,783.7,False,
33053067090000,EMMA OWNER  23-14HA,SPOTTED HORN,Hyperbolic,0.18670430891697073,6752.0,False,6241.9,6081.9,5929.9,5785.3,5647.5,5516.1,False,
33053067150000,STATE  7-25-24BH,SPOTTED HORN,Hyperbolic,0.29378750045470386,4518.0,False,2367.5,2296.0,2228.6,2165.1,2105.1,2048.3,False,
33053067160000,STATE  4-25-24TH,SPOTTED HORN,Hyperbolic,0.39535689579532396,1464.0,False,834.7,797.9,763.8,731.9,702.2,674.4,False,
33053067170000,STATE  8-25-24BH,SPOTTED HORN,Exponential,0.11651351390448668,2089.0,False,450.9,401.3,357.1,317.9,282.9,251.8,True,5.0
33053067180000,STATE  4-25-24T2H,SPOTTED HORN,Hyperbolic,0.13417965078564598,8.0,False,222.3,198.7,177.6,158.9,142.3,127.5,True,1.0
33053067190000,STATE  9-25-24BH,SPOTTED HORN,Hyperbolic,0.1436853983442848,1371.0,False,473.0,427.2,386.2,349.4,316.4,286.7,True,6.0
33053067200000,STATE  5-25-24TH,SPOTTED HORN,Hyperbolic,0.14868111911039567,1553.0,False,732.3,682.2,636.2,593.9,555.0,519.1,False,
33053067990000,STATE  5-36-1TH,SPOTTED HORN,Hyperbolic,0.3865962283908686,922.0,False,1074.9,1045.3,1017.2,990.6,965.3,941.3,False,
33053068000000,STATE  9-36-1BH,SPOTTED HORN,Hyperbolic,0.15780762822373892,898.0,False,397.8,363.3,332.2,304.1,278.6,255.6,True,5.0
33053068010000,STATE  4-36-1T2H,SPOTTED HORN,Exponential,0.14500188548238838,448.0,False,191.1,165.3,143.0,123.7,107.0,92.6,True,1.0
33053068020000,STATE  8-36-1BH,SPOTTED HORN,Hyperbolic,0.3387305795590226,744.0,False,1069.1,1030.6,994.7,960.9,929.2,899.4,False,
33053068030000,STATE  4-36-1TH,SPOTTED HORN,Hyperbolic,0.14263498183073395,465.0,False,342.9,308.5,277.8,250.4,225.9,203.9,True,3.0
33053068040000,STATE  7-36-1BH,SPOTTED HORN,Hyperbolic,0.18764151874524282,4817.0,False,2047.8,1976.7,1909.7,1846.4,1786.5,1729.9,False,
33025027370000,QUILT  149-93-04D-03H,MANDAREE,Hyperbolic,0.22176140199835545,6406.0,False,3844.6,3746.4,3653.1,3564.3,3479.7,3399.0,False,
33025027390000,THREAD  149-93-04D-03H,MANDAREE,Hyperbolic,0.2156744835009884,5515.0,False,4431.3,4318.6,4211.3,4109.3,4012.1,3919.3,False,
33053047860000,GRASSY KNOLL  2-11H,MANDAREE,Hyperbolic,0.1376540589423896,3655.0,False,3453.4,3373.0,3296.1,3222.7,3152.5,3085.2,False,
33053047870000,BANJO  149-94-02B-01H TF,MANDAREE,Hyperbolic,0.10988640349219658,3630.0,False,3646.8,3565.3,3487.4,3412.8,3341.2,3272.6,False,
33025029400000,FBIR REESE  43X-33A,HEART BUTTE,Exponential,0.05314134152536535,1264.0,False,1097.9,1041.1,987.2,936.1,887.7,841.7,False,
33025029410000,FBIR REESE  43X-33E,HEART BUTTE,Exponential,0.04524166686069013,986.0,False,966.6,923.9,883.0,843.9,806.6,770.9,False,
33025029420000,FBIR REESE  43X-33B,HEART BUTTE,Exponential,0.06616337445756287,831.0,False,708.0,662.7,620.3,580.6,543.4,508.6,False,
33025029430000,FBIR REESE  43X-33F,HEART BUTTE,Exponential,0.03459073116314568,1094.0,False,1281.1,1237.6,1195.5,1154.9,1115.6,1077.7,False,
33025029440000,FBIR REESE  43X-33C,HEART BUTTE,Exponential,0.0631770874853074,713.0,False,734.3,689.3,647.1,607.5,570.3,535.4,False,
33025029450000,FBIR REESE  43X-33G,HEART BUTTE,Exponential,0.04711973634594734,848.0,False,822.3,784.4,748.3,713.9,681.0,649.7,False,
33025029460000,FBIR REESE  43X-33D,HEART BUTTE,Hyperbolic,0.049148701770501825,979.0,False,952.3,914.0,877.5,842.7,809.4,777.6,False,
33053003150000,OLAF LARSEN     1,KEENE,Exponential,0.011114097146663846,226.0,False,344.7,340.9,337.1,333.4,329.7,326.0,False,
33053030500000,BLUE RIDGE  14-31H,KEENE,Hyperbolic,0.038979720853356534,1061.0,False,957.9,931.9,906.8,882.6,859.2,836.6,False,
33053030530000,ARCHES   24-35H,KEENE,Exponential,0.016173846283676834,897.0,False,1045.6,1028.8,1012.3,996.1,980.1,964.4,False,
33053035180000,SHENANDOAH  34-36TFH,KEENE,Exponential,0.026631925665301436,1590.0,False,1346.5,1311.1,1276.6,1243.1,1210.4,1178.6,False,
33053035380000,BLUE RIDGE  14-31TFH,KEENE,Hyperbolic,0.0635665303178964,650.0,False,1172.6,1122.6,1075.3,1030.5,988.0,947.7,False,
33053058950000,SHENANDOAH  24-36MBH,KEENE,Hyperbolic,0.1948732830180394,895.0,True,948.0,911.1,876.5,843.9,813.2,784.2,False,
33053017860000,ERICKSON B     1,GLASS BLUFF,Hyperbolic,0.3930696486972731,17.0,False,11.2,10.7,10.3,9.9,9.5,9.1,True,1.0
33053019420000,ERICKSON D     1,GLASS BLUFF,Hyperbolic,0.4036130212894534,19.0,False,12.0,11.5,11.0,10.6,10.2,9.8,True,1.0
33053020040000,ERICKSON J     1,GLASS BLUFF,Hyperbolic,0.40068839695802055,31.0,False,20.1,19.3,18.5,17.7,17.1,16.4,True,1.0
33053028060000,LEVANG  3-22H,BLUE BUTTES,Hyperbolic,0.12937513986916702,1178.0,False,727.8,697.6,669.2,642.5,617.3,593.6,False,
33053028490000,JONES  4-23H,BLUE BUTTES,Hyperbolic,0.2576075579667751,836.0,False,529.2,513.5,498.6,484.6,471.4,458.8,False,
33053034930000,LOVAAS  7-1-1UTFH,BLUE BUTTES,Exponential,0.03689498563209229,7250.0,False,6871.5,6622.6,6382.7,6151.5,5928.7,5713.9,False,
33053055670000,STAFFORD  13-34MBH,BLUE BUTTES,Exponential,0.0640335693200387,6081.0,False,3352.2,3144.3,2949.2,2766.3,2594.7,2433.8,False,
33053055680000,STAFFORD  13-34TFH,BLUE BUTTES,Hyperbolic,0.08640225808180937,4059.0,False,2351.9,2174.7,2011.2,1860.6,1721.6,1593.4,False,
33053065530000,LOVAAS  8-1-1MBH,BLUE BUTTES,Exponential,0.0354096510067206,8330.0,False,7671.0,7404.2,7146.6,6897.9,6658.0,6426.3,False,
33053066950000,BOGGS  29-32-30-31T3HD,BLUE BUTTES,Hyperbolic,0.45003413596603004,1264.0,True,887.6,853.5,821.5,791.5,763.2,736.5,False,
33053066960000,BOGGS  29-32-30-31THD,BLUE BUTTES,Hyperbolic,0.08841409179071155,6390.0,False,2852.9,2764.0,2679.3,2598.6,2521.7,2448.3,False,
33053071290000,BB-BUDAHN-  150-95-0506H-6,BLUE BUTTES,Hyperbolic,0.3184417142429744,3689.0,False,2771.3,2686.9,2607.5,2532.6,2461.9,2395.0,False,
33053071300000,BB-BUDAHN-  150-95-0506H-7,BLUE BUTTES,Hyperbolic,0.14830132256761694,2586.0,False,2185.2,2082.1,1985.8,1895.8,1811.4,1732.4,False,
33053073770000,BB-BUDAHN-  LS-150-95-0506H-1,BLUE BUTTES,Hyperbolic,0.2731942707767218,3000.0,False,3436.0,3326.5,3223.8,3127.2,3036.1,2950.2,False,
33053028750000,STATE  11-16H,CHARLSON,Hyperbolic,0.5222678181835642,3589.0,False,732.3,708.4,686.0,665.0,645.2,626.5,False,
33053044690000,STATE  154-94-31C-32-2H,CHARLSON,Exponential,0.025215858719125735,4101.0,False,7092.4,6915.8,6743.6,6575.7,6412.0,6252.3,False,
33053067210000,STATE  11X-16MB5,CHARLSON,Hyperbolic,0.18023905778187954,2553.0,False,2165.5,2104.1,2046.0,1991.1,1939.0,1889.5,False,
33053067220000,STATE  11X-16TF4,CHARLSON,Hyperbolic,0.4528829118078396,5359.0,False,1366.8,1325.3,1286.2,1249.3,1214.5,1181.5,False,
33053067230000,STATE  11X-16MB4,CHARLSON,Hyperbolic,0.3512798491327211,2617.0,False,1891.2,1831.2,1775.0,1722.1,1672.2,1625.1,False,
33053029320000,WISNESS  1-21H,WESTBERG,Exponential,0.04692729566005187,251.0,False,246.8,235.5,224.7,214.4,204.6,195.2,True,1.0
33053029510000,GLADYS  1-9H,WESTBERG,Hyperbolic,0.20490420475143753,1105.0,False,498.0,482.4,467.6,453.6,440.2,427.5,False,
33053031350000,HA-ROLFSRUD-152-96-  1720H-1,WESTBERG,Hyperbolic,0.2511147857383103,1242.0,False,325.1,308.5,293.2,279.0,265.9,253.8,True,3.0
33053051070000,NORBY STATE  152-96-16-2H,WESTBERG,Hyperbolic,0.05392196016132122,871.0,False,860.1,843.9,828.3,813.3,798.8,784.9,False,
33053070120000,LARSEN FEDERAL  152-96-9-4-12H,WESTBERG,Hyperbolic,0.21008768997148197,2287.0,False,2423.1,2363.1,2306.0,2251.6,2199.7,2150.1,False,
33053070130000,LARSEN  152-96-9-3HLW,WESTBERG,Hyperbolic,0.6827897435337319,1715.0,True,1334.7,1299.7,1266.4,1234.8,1204.8,1176.1,False,
33053070900000,LARSEN  152-96-16-21-5HLW,WESTBERG,Hyperbolic,0.2331078320843948,2587.0,False,2096.5,2038.2,1983.0,1930.4,1880.5,1832.9,False,
33053030240000,FORT BERTHOLD  152-93-17C-08-1H,FOUR BEARS,Exponential,0.03910810440285452,1190.0,False,1108.7,1066.2,1025.3,986.0,948.1,911.8,False,
33053034240000,FORT BERTHOLD  152-93-17C-08-2H,FOUR BEARS,Exponential,0.017375597387565448,1248.0,False,2262.6,2223.7,2185.4,2147.7,2110.7,2074.4,False,
33053038140000,FORT BERTHOLD  152-93-18B-19-2H,FOUR BEARS,Hyperbolic,0.05161625874933304,1553.0,False,1172.1,1150.0,1128.8,1108.2,1088.4,1069.4,False,
33053054430000,FORT BERTHOLD  152-93-19D-18-7H,FOUR BEARS,Hyperbolic,0.08628006021721098,2840.0,False,3386.2,3304.2,3226.0,3151.5,3080.3,3012.2,False,
33053054440000,FORT BERTHOLD  152-93-19D-18-6H,FOUR BEARS,Hyperbolic,0.08179044947505607,3308.0,False,1929.8,1842.2,1759.7,1681.9,1608.5,1539.2,False,
33053054500000,FORT BERTHOLD  152-93-19D-18-4H,FOUR BEARS,Hyperbolic,0.2038796783829787,1391.0,False,537.0,510.0,485.0,461.7,440.0,419.8,False,
33053059010000,FORT BERTHOLD  152-93-19D-18-14H,FOUR BEARS,Exponential,0.0500725827773296,3377.0,False,1843.8,1753.8,1668.1,1586.7,1509.2,1435.5,False,
33053067500000,FORT BERTHOLD  152-93-19D-18-12H,FOUR BEARS,Exponential,0.09017168521253385,1687.0,False,851.3,777.9,710.8,649.5,593.5,542.4,False,
33053067510000,FORT BERTHOLD  152-93-19D-18-8H,FOUR BEARS,Hyperbolic,0.24461938816630205,1275.0,True,960.2,916.9,876.7,839.1,804.0,771.2,False,
33053067520000,FORT BERTHOLD  152-93-19D-18-9H,FOUR BEARS,Exponential,0.10062140588121374,1822.0,False,769.7,696.0,629.4,569.2,514.7,465.4,False,
33053030750000,NELSON FEDERAL  41X-5G,ANTELOPE,Hyperbolic,0.07456029745351798,1769.0,False,1868.1,1825.7,1785.2,1746.5,1709.4,1673.8,False,
33053058430000,NELSON FEDERAL  21X-5A,ANTELOPE,Exponential,0.06172630057578326,2437.0,False,3758.9,3533.9,3322.3,3123.5,2936.5,2760.7,False,
33053058440000,NELSON FEDERAL  21X-5E,ANTELOPE,Hyperbolic,0.2471885781605108,3301.0,False,2907.8,2824.1,2745.1,2670.3,2599.5,2532.4,False,
33053059320000,AN-BRENNA-  153-94-3130H-8,ANTELOPE,Hyperbolic,0.1427500979807117,1663.0,False,1544.9,1506.9,1470.8,1436.3,1403.4,1371.9,False,
33053068640000,CHARMAINE USA  14-35TFH,ANTELOPE,Hyperbolic,0.4109691773887103,6696.0,False,4179.9,4060.9,3948.4,3841.9,3741.0,3645.3,False,
33053068650000,CLARKS CREEK USA  14-35H,ANTELOPE,Hyperbolic,0.38621455438491353,903.0,False,3100.7,3004.9,2914.5,2829.1,2748.2,2671.6,False,
33053068670000,HEATHER USA  13-35TFH,ANTELOPE,Hyperbolic,0.22316944806420724,3613.0,False,2390.2,2282.6,2182.2,2088.6,2001.0,1919.0,False,
33053068680000,JUANITA USA  13-35H,ANTELOPE,Hyperbolic,0.504579204671918,5790.0,False,3911.2,3795.0,3685.5,3582.1,3484.3,3391.7,False,
33053070160000,AN-EVENSON-  LE-152-95-0310H-1,ANTELOPE,Hyperbolic,0.24860151023526622,1957.0,False,2150.1,2086.9,2027.0,1970.2,1916.2,1864.8,False,
33053070170000,AN-EVENSON-  152-95-0310H-14,ANTELOPE,Hyperbolic,0.8276457735371441,1495.0,True,894.9,870.6,847.6,825.8,805.0,785.3,False,
33053071350000,AN-EVENSON-  152-95-0310H-13,ANTELOPE,Hyperbolic,0.27779688082218923,721.0,False,225.5,206.4,189.2,173.7,159.7,147.1,True,1.0
33053071360000,AN-EVENSON-  152-95-0310H-12,ANTELOPE,Hyperbolic,0.29622354205972307,911.0,False,324.6,305.2,287.4,271.0,255.9,241.9,True,3.0
33053071370000,AN-EVENSON-  152-95-0310H-11,ANTELOPE,Hyperbolic,0.2954964056408735,2012.0,False,1211.8,1165.6,1122.3,1081.6,1043.3,1007.2,False,
33053071380000,AN-EVENSON-  152-95-0310H-10,ANTELOPE,Hyperbolic,0.4882131895111025,1820.0,False,1172.9,1141.0,1110.7,1082.0,1054.7,1028.8,False,
33061031320000,THREE TRIBES  151-94-3H,ANTELOPE,Hyperbolic,0.09440648979031338,3722.0,False,2955.4,2876.2,2801.1,2729.9,2662.1,2597.7,False,
33053032980000,BRIER  5200 42-22H,CAMP,Exponential,0.04270799723755966,1470.0,False,1196.7,1146.7,1098.7,1052.8,1008.8,966.6,False,
33053042820000,LEANNE  5201 41-24B,CAMP,Exponential,0.025699641767677826,1544.0,False,1517.1,1478.6,1441.1,1404.5,1368.9,1334.1,False,
33053051470000,PATTERSON FEDERAL   5-13H,CAMP,Hyperbolic,0.07466789742756651,2950.0,False,3064.8,3003.6,2944.7,2888.1,2833.6,2781.1,False,
33053051490000,KUHN FEDERAL  5-12H,CAMP,Hyperbolic,0.07390604608047571,3263.0,False,1960.3,1848.5,1743.7,1645.3,1553.0,1466.3,False,
33053053370000,BRIER  5200 11-27 #8T2,CAMP,Exponential,0.057016427068164385,1482.0,False,1159.0,1094.8,1034.1,976.8,922.6,871.5,False,
33053054420000,BRIER   5200 44-22 3B,CAMP,Hyperbolic,0.04112137228864532,3034.0,False,2510.0,2469.5,2430.3,2392.2,2355.4,2319.6,False,
33053054600000,PATTERSON FEDERAL  7-13H,CAMP,Hyperbolic,0.07042778578415114,1928.0,False,1845.3,1735.1,1631.9,1535.2,1444.5,1359.5,False,
33053054610000,KUHN   6-13H1,CAMP,Exponential,0.058415911728955085,3011.0,False,1926.1,1816.8,1713.7,1616.5,1524.7,1438.2,False,
33053054620000,KUHN   7-13H,CAMP,Hyperbolic,0.07064593876561613,4265.0,False,3341.1,3200.4,3067.2,2940.8,2821.0,2707.3,False,
33053063100000,BRIER  5200 43-22 12T,CAMP,Hyperbolic,0.12951975174087144,1543.0,False,598.8,550.5,506.4,466.3,429.7,396.3,False,
33053063110000,BRIER  5200 42-22 11T2,CAMP,Hyperbolic,0.29937335594562126,1092.0,False,909.3,878.5,849.4,822.0,796.0,771.4,False,
33053063120000,BRIER  5200 42-22 10B,CAMP,Hyperbolic,0.4209973086734378,968.0,True,1027.2,995.1,964.9,936.3,909.3,883.6,False,
33053063130000,BRIER  5200 42-22 9T,CAMP,Hyperbolic,0.13787550776455873,1641.0,False,1902.8,1828.8,1759.2,1693.5,1631.6,1573.0,False,
33053066270000,PATTERSON FEDERAL  6-13H,CAMP,Hyperbolic,0.08334496887348383,2558.0,False,1546.0,1438.7,1339.2,1247.1,1161.6,1082.2,False,
33053067950000,ANDERSMADSON  5201 43-24 7B,CAMP,Hyperbolic,0.192150401234406,1793.0,False,459.2,424.3,392.5,363.7,337.4,313.4,False,
33053067960000,ANDERSMADSON  5201 43-24 8T,CAMP,Hyperbolic,0.13743164561447757,1340.0,False,366.3,340.3,316.5,294.7,274.6,256.2,True,4.0
33053067970000,ANDERSMADSON  5201 43-24 9B,CAMP,Exponential,0.17781648883561488,1943.0,False,51.1,42.8,35.8,30.0,25.1,21.0,True,1.0
33053067980000,ANDERSMADSON  5201 43-24 10T,CAMP,Exponential,0.08122997585513846,1080.0,False,382.7,352.9,325.4,300.0,276.6,255.0,True,4.0
33053068600000,ANDERSMADSON  5201 42-24 3B,CAMP,Exponential,0.10797626077647547,1592.0,False,696.1,624.9,560.9,503.5,452.0,405.7,False,
33053068610000,ANDERSMADSON  5201 42-24 4T,CAMP,Exponential,0.1386559609385183,430.0,False,141.7,123.4,107.4,93.5,81.4,70.9,True,1.0
33053068620000,ANDERSMADSON  5201 42-24 5B,CAMP,Hyperbolic,0.2103451427396339,1342.0,False,352.4,320.5,292.0,266.5,243.6,223.0,True,3.0
33053068630000,ANDERSMADSON  5201 42-24 6T,CAMP,Hyperbolic,0.13122705651408792,1529.0,False,465.1,434.1,405.6,379.4,355.2,332.8,False,
33053033950000,JOHNSON  11-5SEH,SIVERSTON,Exponential,0.02526955617805462,1444.0,False,1733.1,1689.9,1647.7,1606.6,1566.5,1527.4,False,
33053036050000,SORENSON  31-28SWH,SIVERSTON,Hyperbolic,0.08218624160295492,1706.0,False,1652.6,1616.5,1582.0,1548.9,1517.2,1486.7,False,
33053038060000,AMUNDSON  44-22NWH,SIVERSTON,Hyperbolic,0.9329447512882899,942.0,True,359.3,348.4,338.0,328.3,319.1,310.4,False,
33053044670000,DIDRICK  4-27HA,SIVERSTON,Hyperbolic,0.0535463520670377,1262.0,False,1182.5,1159.9,1138.2,1117.2,1097.0,1077.6,False,
33053067380000,AMUNDSON  44X-22HXE,SIVERSTON,Hyperbolic,0.08727430612631881,2380.0,False,2192.0,2064.0,1944.8,1833.8,1730.4,1633.8,False,
33053067390000,AMUNDSON  44X-22D,SIVERSTON,Hyperbolic,0.14339568071693154,2641.0,False,2844.1,2759.7,2680.2,2605.1,2534.0,2466.8,False,
33053067400000,AMUNDSON  44X-22H,SIVERSTON,Hyperbolic,0.18332715406076616,2014.0,False,1448.4,1386.1,1327.9,1273.6,1222.6,1174.8,False,
33053067410000,AMUNDSON  44X-22CXD,SIVERSTON,Hyperbolic,0.2378599178853192,1934.0,False,2109.2,2048.7,1991.6,1937.6,1886.5,1837.9,False,
33053067690000,KLAMM  34X-9D,SIVERSTON,Hyperbolic,0.1619198343670963,2082.0,False,1671.8,1601.7,1535.9,1474.2,1416.1,1361.4,False,
33053067700000,KLAMM  34X-9H,SIVERSTON,Hyperbolic,0.16736093437716346,2576.0,False,1279.6,1214.6,1154.2,1098.0,1045.7,996.8,False,
33053067710000,KLAMM  34X-9DXA,SIVERSTON,Hyperbolic,0.10854100091889635,4151.0,False,2333.3,2249.9,2171.0,2096.3,2025.6,1958.4,False,
33053067890000,SORENSON  31X-28H,SIVERSTON,Hyperbolic,0.42911325184789945,1086.0,False,624.3,600.6,578.3,557.5,537.9,519.4,False,
33053067900000,SORENSON  31X-28C,SIVERSTON,Hyperbolic,0.1255272597978152,2617.0,False,1509.7,1449.9,1393.6,1340.4,1290.2,1242.7,False,
33053069020000,RYAN  14X-9E,SIVERSTON,Hyperbolic,0.06631948038502337,7418.0,False,3990.3,3857.0,3732.3,3615.3,3505.5,3402.0,False,
33053069030000,RYAN  14X-9A,SIVERSTON,Hyperbolic,0.09688222688716097,5506.0,False,4120.9,3974.5,3838.1,3710.7,3591.5,3479.6,False,
33053069040000,RYAN  14X-9EXF,SIVERSTON,Hyperbolic,0.18426201090939406,2452.0,False,1771.0,1670.9,1579.8,1496.7,1420.7,1350.9,False,
33053069050000,RYAN  14X-9B,SIVERSTON,Hyperbolic,0.14814189516133394,2739.0,False,1977.4,1863.7,1759.1,1662.5,1573.3,1490.7,False,
33053069060000,RYAN  14X-9F2,SIVERSTON,Hyperbolic,0.08425547097336858,2235.0,False,1908.0,1800.9,1701.3,1608.6,1522.2,1441.6,False,
33053069520000,SORENSON  31X-28D,SIVERSTON,Hyperbolic,0.06669580753702126,2288.0,False,2256.1,2192.9,2132.5,2074.6,2019.2,1966.0,False,
33053035660000,TOPAZ 20-17  #1H,BANKS,Exponential,0.04400601127148064,822.0,False,1040.6,995.8,953.0,911.9,872.7,835.1,False,
33053039550000,CHERYL  17-20 2TFH,BANKS,Exponential,0.07483350957021424,4701.0,False,3384.3,3140.3,2913.9,2703.8,2508.8,2327.9,False,
33053050800000,SKARSTON 1-12  #2TFH,BANKS,Hyperbolic,0.09473044196229037,4535.0,False,3198.0,2977.3,2773.6,2585.4,2411.5,2250.6,False,
33053050810000,SKARSTON 1-12  #3TFH,BANKS,Hyperbolic,0.12129708439664917,4276.0,False,3533.8,3332.6,3147.3,2976.1,2817.8,2671.1,False,
33053050820000,SKARSTON 1-12  #7H,BANKS,Exponential,0.08341581624100051,2114.0,False,3348.2,3080.3,2833.7,2606.9,2398.3,2206.4,False,
33053050830000,SKARSTON 1-12  #4H,BANKS,Exponential,0.08342434017309229,4068.0,False,4404.5,4052.0,3727.7,3429.3,3154.8,2902.3,False,
33053050840000,SKARSTON 1-12  #5H,BANKS,Exponential,0.06518185903805392,4881.0,False,6329.5,5930.1,5555.9,5205.3,4876.8,4569.1,False,
33053050850000,SKARSTON 1-12  #6TFH,BANKS,Exponential,0.09546276844919452,3408.0,False,2371.0,2155.1,1958.9,1780.6,1618.4,1471.1,False,
33053063320000,SKARSTON 1-12  #8TFH,BANKS,Hyperbolic,0.10337692176618653,3259.0,False,3183.9,3020.9,2869.6,2729.0,2598.0,2475.9,False,
33053063330000,SKARSTON 1-12 XE  #1H,BANKS,Exponential,0.07909839345723958,1692.0,False,3642.2,3365.2,3109.3,2872.8,2654.3,2452.5,False,
33053072000000,CHAMELEON STATE  21-16-1H,BANKS,Hyperbolic,0.2657419753457714,1744.0,True,1761.5,1713.1,1667.4,1624.0,1582.8,1543.6,False,
33053072010000,CHAMELEON STATE  21-16-1TFH,BANKS,Hyperbolic,0.18621904298356326,869.0,False,771.7,740.2,710.6,682.9,656.8,632.3,False,
33053072020000,CHAMELEON STATE  21-16-2H,BANKS,Hyperbolic,0.10651245578660422,1437.0,False,788.0,727.9,672.7,622.2,575.7,533.1,False,
33053035900000,RENEGADE  34-10TFH,SAND CREEK,Hyperbolic,0.04331409003482933,1521.0,True,642.6,630.2,618.2,606.8,595.7,585.0,False,
33053072860000,SKAAR FEDERAL  153-96-30-4H,SAND CREEK,Hyperbolic,0.6844972116897653,2847.0,False,1572.1,1524.7,1480.0,1437.9,1398.1,1360.4,False,
33053072870000,SKAAR FEDERAL  153-96-30-3H,SAND CREEK,Hyperbolic,0.7477438801786085,2866.0,False,1264.6,1228.4,1194.3,1162.0,1131.4,1102.4,False,
33053072880000,SKAAR FEDERAL  153-96-30-2H,SAND CREEK,Hyperbolic,0.6543826055025495,2973.0,False,1285.1,1246.4,1210.0,1175.6,1143.1,1112.4,False,
33053072890000,SKAAR FEDERAL  153-96-30-1H,SAND CREEK,Hyperbolic,0.7810960539622753,1687.0,False,954.8,925.8,898.5,872.8,848.5,825.6,False,
33053072900000,SKAAR FEDERAL  153-96-30-5HLW,SAND CREEK,Hyperbolic,0.717899866035187,1122.0,False,791.7,769.1,747.8,727.6,708.5,690.3,False,
33053036270000,LOOMER  24-34NEH,TOBACCO GARDEN,Hyperbolic,0.08689029450224998,2219.0,False,1937.3,1876.5,1818.8,1764.0,1711.9,1662.3,False,
33053051730000,RITA  24X-34E,TOBACCO GARDEN,Exponential,0.03107819349856677,1499.0,False,1557.4,1509.7,1463.5,1418.7,1375.3,1333.2,False,
33053060650000,RANGER  21X-18E,TOBACCO GARDEN,Hyperbolic,0.12008530549890324,1669.0,False,1393.8,1358.7,1325.2,1293.3,1262.8,1233.5,False,
33053063040000,RITA  44X-34BXC,TOBACCO GARDEN,Hyperbolic,0.0810066388031794,2040.0,False,1329.0,1261.4,1197.9,1138.1,1081.9,1028.9,False,
33053065920000,TOBACCO GARDEN  11X-17E,TOBACCO GARDEN,Hyperbolic,0.23206845124066794,1839.0,False,1946.0,1887.1,1831.6,1779.3,1729.8,1683.1,False,
33053065930000,TOBACCO GARDEN  11X-17B,TOBACCO GARDEN,Hyperbolic,0.1440037098125003,3529.0,False,3538.9,3436.8,3340.5,3249.3,3163.0,3081.1,False,
33053067540000,RITA  44X-34D,TOBACCO GARDEN,Hyperbolic,0.1659674783319157,4819.0,False,2795.6,2723.3,2654.7,2589.5,2527.3,2468.1,False,
33053040560000,HA-SWENSON-152-95-  1819H-5,HAWKEYE,Hyperbolic,0.06358073085982041,1822.0,False,1028.9,987.3,947.7,910.1,874.4,840.4,False,
33053070790000,HA-CHAPIN-  152-95-2932H-6,HAWKEYE,Exponential,0.0591679514656355,1829.0,False,1398.2,1317.9,1242.2,1170.8,1103.5,1040.1,False,
33053070800000,HA-CHAPIN-  152-95-2932H-7,HAWKEYE,Hyperbolic,0.11308669972053764,2251.0,False,3431.0,3297.2,3171.1,3052.0,2939.4,2832.9,False,
33053070810000,HA-CHAPIN-  152-95-2932H-8,HAWKEYE,Hyperbolic,0.38142815912584777,2591.0,False,1904.5,1841.8,1782.8,1727.3,1674.9,1625.5,False,
33053070820000,HA-CHAPIN-  152-95-2932H-9,HAWKEYE,Exponential,0.03420053978157711,2919.0,False,3353.1,3240.3,3131.4,3026.1,2924.3,2826.0,False,
33053070830000,HA-CHAPIN-  152-95-2932H-10,HAWKEYE,Hyperbolic,0.28213749154717693,2592.0,False,1347.9,1291.3,1238.6,1189.3,1143.2,1100.0,False,
33053072540000,HA-GRIMESTAD-  152-95-3031H-6,HAWKEYE,Hyperbolic,0.7738655187114474,2773.0,True,1056.7,1021.4,988.3,957.2,927.9,900.3,False,
33053041180000,GABBERT  4-2/11HR,GRAIL,Exponential,0.09499027173930412,584.0,False,329.7,299.8,272.6,247.9,225.4,205.0,True,2.0
33053046950000,G. LEVANG  3-32-29BH,GRAIL,Hyperbolic,0.5787768412322138,892.0,True,468.9,456.0,443.9,432.3,421.3,410.9,False,
33053046960000,G. LEVANG  13-32/29H,GRAIL,Hyperbolic,0.25072345520048267,185.0,False,444.7,424.3,405.4,387.8,371.4,356.2,False,
33053046970000,G. LEVANG  4-32-29BH,GRAIL,Hyperbolic,0.34391480959769666,1206.0,False,862.0,839.0,817.2,796.6,776.9,758.2,False,
33053050080000,ERNIE  3-10-2-11LL,GRAIL,Hyperbolic,0.12590209226424579,1163.0,False,1628.4,1537.1,1453.7,1377.3,1307.2,1242.7,False,
33053050090000,ERNIE  4-2-11BH,GRAIL,Exponential,0.10301515695906245,2067.0,False,501.4,452.3,408.0,368.1,332.0,299.5,True,6.0
33053050100000,ERNIE  3-2-11BH,GRAIL,Exponential,0.1349551342440142,561.0,False,184.8,161.4,141.1,123.2,107.7,94.1,True,1.0
33053052140000,KIRKLAND  1-23-14BH,GRAIL,Hyperbolic,0.07551884678653543,1419.0,False,1282.3,1237.8,1195.4,1155.2,1116.9,1080.4,False,
33053057150000,TAT  1-35-26TH,GRAIL,Hyperbolic,0.12528902254957938,287.0,False,221.3,202.6,185.7,170.3,156.4,143.6,True,1.0
33053057160000,TAT  1-35-26BH,GRAIL,Exponential,0.031191463932723495,2889.0,False,2463.3,2387.7,2314.3,2243.3,2174.4,2107.6,False,
33053058280000,STATE  3-16-21BH,GRAIL,Hyperbolic,0.3006285471263092,1099.0,False,595.2,572.4,551.2,531.6,513.3,496.3,False,
33053062330000,JONES  3-15-23TH,GRAIL,Hyperbolic,0.3025853010651539,4827.0,False,3040.2,2962.2,2888.0,2817.4,2750.2,2686.1,False,
33053062340000,JONES  5-15-22TH,GRAIL,Hyperbolic,0.2290595586075078,3192.0,False,2293.3,2214.2,2139.7,2069.4,2002.9,1940.1,False,
33053062350000,JONES  3-15-22BH,GRAIL,Exponential,0.07796308847177015,1607.0,False,1100.8,1018.2,941.9,871.2,805.9,745.4,False,
33053062360000,JONES  6-15-22TH,GRAIL,Hyperbolic,0.14882735657061377,2622.0,False,1668.2,1586.2,1509.6,1438.0,1371.0,1308.1,False,
33053062370000,JONES  4-15-22BH,GRAIL,Hyperbolic,0.14088577716569844,5308.0,False,2988.6,2885.9,2788.8,2696.7,2609.4,2526.5,False,
33053062380000,JONES  15-22-16-21LL,GRAIL,Hyperbolic,0.1000910839863025,1763.0,False,3185.0,3048.5,2919.8,2798.5,2683.9,2575.6,False,
33053062490000,JONES  1-15-23TH,GRAIL,Hyperbolic,0.12178606903071039,2435.0,False,2028.0,1945.8,1868.3,1795.2,1726.1,1660.7,False,
33053062540000,P. LEVANG  14-13-23-24LL,GRAIL,Hyperbolic,0.1500726955566701,783.0,False,812.0,771.1,733.0,697.4,664.2,633.0,False,
33053066920000,BOGGS  3-29-32T2HD,GRAIL,Hyperbolic,0.5642627735770258,3039.0,True,1873.2,1820.4,1770.4,1723.1,1678.2,1635.6,False,
33053066930000,BOGGS  8-29-32BHD,GRAIL,Hyperbolic,0.09434938135164792,2641.0,False,1219.8,1141.8,1069.5,1002.2,939.6,881.5,False,
33053066940000,BOGGS  2-29-32T2HD,GRAIL,Hyperbolic,0.402697852492187,2690.0,False,1566.6,1522.1,1480.0,1440.1,1402.4,1366.5,False,
33053068420000,HENDERSON  36-25-35-26T2H,GRAIL,Hyperbolic,0.3544726341730879,1228.0,False,1100.5,1049.2,1001.6,957.3,916.1,877.6,False,
33053068430000,HENDERSON  36-25-35-26BH,GRAIL,Hyperbolic,0.40060567417956516,2556.0,False,1952.5,1898.5,1847.4,1799.0,1753.0,1709.3,False,
33053068440000,HENDERSON  1-12-2-11BH,GRAIL,Hyperbolic,0.12452266415801841,1575.0,False,1097.0,1028.6,965.2,906.6,852.2,801.8,False,
33053068450000,HENDERSON  1-12-2-11T2H,GRAIL,Hyperbolic,0.24213079348688724,2635.0,False,1507.7,1468.8,1431.9,1396.7,1363.3,1331.4,False,
33053071410000,ERNIE  7-2-11BHD,GRAIL,Hyperbolic,0.08478348375834704,907.0,False,1018.6,937.9,863.7,795.4,732.6,674.7,False,
33053071430000,ERNIE  3-2-11T2HD,GRAIL,Hyperbolic,0.2466982746556501,799.0,False,523.2,487.1,454.1,423.9,396.4,371.1,False,
33053071440000,ERNIE  8-2-11BHD,GRAIL,Hyperbolic,0.09749674523961059,2437.0,False,1610.8,1536.5,1466.7,1401.1,1339.3,1281.2,False,
33053071450000,ERNIE  4-2-11T2HD,GRAIL,Exponential,0.06280267611934057,1134.0,False,1068.7,1003.7,942.6,885.2,831.3,780.7,False,
33053071460000,ERNIE  3-10-2-11BHD,GRAIL,Hyperbolic,0.14633112234588683,2861.0,False,2081.2,2004.1,1931.6,1863.3,1798.9,1738.0,False,
33053057460000,BW-KRAETSCH-  149-99-1423H-4,CHERRY CREEK,Hyperbolic,0.0988704993678733,1010.0,False,912.4,887.6,864.2,841.9,820.8,800.6,False,
33053061780000,BW-JOHNSON-  149-99-1003H-4,CHERRY CREEK,Hyperbolic,0.2526706572178686,2256.0,False,1801.2,1753.3,1707.9,1664.8,1623.8,1584.7,False,
33053061790000,BW-JOHNSON-  149-99-1003H-5,CHERRY CREEK,Hyperbolic,0.30420492341674066,1644.0,False,1549.6,1504.7,1462.3,1422.1,1384.0,1347.9,False,
33053061800000,BW-JOHNSON-  149-99-1003H-6,CHERRY CREEK,Hyperbolic,0.19565490719407053,3189.0,False,2188.8,2123.7,2062.3,2004.3,1949.2,1897.0,False,
33053061810000,BW-ERLER-  149-99-1522H-4,CHERRY CREEK,Hyperbolic,0.23637097193614057,2026.0,False,1658.1,1611.9,1568.3,1526.9,1487.6,1450.3,False,
33053061820000,BW-ERLER-  149-99-1522H-5,CHERRY CREEK,Hyperbolic,0.2797720575525624,2476.0,False,2126.5,2064.4,2005.9,1950.5,1898.2,1848.5,False,
33053061830000,BW-ERLER-  LE-149-99-1522H-1,CHERRY CREEK,Hyperbolic,0.30730741117135385,1851.0,False,1765.8,1715.2,1667.5,1622.3,1579.5,1538.9,False,
33053061140000,STENEHJEM   15-9HB,POE,Exponential,0.09704082250864253,1943.0,False,973.2,883.2,801.5,727.4,660.1,599.1,False,
33053061150000,STENEHJEM   15X-9H,POE,Hyperbolic,0.19707141421232477,1412.0,False,1281.6,1246.1,1212.4,1180.5,1150.1,1121.3,False,
33053061160000,STENEHJEM   15-9HA,POE,Exponential,0.0829551037642509,1735.0,False,1507.5,1387.5,1277.0,1175.4,1081.8,995.7,False,
33053065940000,STENEHJEM   14X-9HA,POE,Exponential,0.08858061744195646,905.0,False,565.1,517.2,473.3,433.2,396.5,362.9,False,
33053065950000,STENEHJEM   14-9H,POE,Exponential,0.10649576739344108,1464.0,False,936.5,841.9,756.9,680.4,611.7,549.9,False,
33053065960000,STENEHJEM   14X-9HB,POE,Hyperbolic,0.15210592095244344,1679.0,False,1329.2,1278.4,1230.6,1185.8,1143.5,1103.7,False,
33053067560000,STACEY  13-9H,POE,Exponential,0.07691223726881655,3013.0,False,1715.9,1588.9,1471.3,1362.3,1261.5,1168.1,False,
33053067570000,ASHLEY  13X-9H,POE,Exponential,0.07428771739842625,1054.0,False,869.4,807.1,749.3,695.7,645.9,599.6,False,
33053068700000,RICH  1X-16HA,POE,Hyperbolic,0.08987171898186144,2864.0,False,2204.5,2109.3,2019.6,1935.0,1855.2,1779.8,False,
33053068710000,STEVE  1-16H,POE,Exponential,0.08346369735537107,2313.0,False,1296.5,1192.7,1097.2,1009.3,928.5,854.2,False,
33053068720000,RINI  1X-16HB,POE,Hyperbolic,0.2928671786464529,998.0,True,1529.3,1460.1,1396.4,1337.5,1283.0,1232.4,False,
33053063960000,HOMER  14X-32E,GRINNELL,Hyperbolic,0.20982699252971806,923.0,False,768.3,724.4,683.9,646.6,612.1,580.1,False,
33053063970000,HOMER  14X-32A,GRINNELL,Exponential,0.07850404705294452,3063.0,False,1885.5,1743.2,1611.6,1489.9,1377.4,1273.4,False,
33053068530000,HOMER  14X-32AXD,GRINNELL,Hyperbolic,0.08167596494555233,3019.0,False,1895.1,1768.3,1650.6,1541.2,1439.5,1345.0,False,
33053068540000,HOMER FEDERAL   14X-32F,GRINNELL,Hyperbolic,0.19566892157721347,2567.0,False,206.5,175.9,150.0,128.0,109.4,93.5,True,1.0
33053068550000,HOMER FEDERAL   14X-32B,GRINNELL,Hyperbolic,0.1838653510396336,4648.0,False,3350.6,3249.8,3154.7,3064.8,2979.7,2899.1,False,
33053067120000,FLATLAND FEDERAL  11-4-2H,TWIN VALLEY,Hyperbolic,0.30062524924333517,1237.0,False,1012.9,978.8,946.8,916.5,887.9,860.9,False,
33053067130000,FLATLAND FEDERAL  11-4-2TFH,TWIN VALLEY,Hyperbolic,0.1254136460185804,2336.0,False,1428.2,1351.4,1280.0,1213.4,1151.3,1093.3,False,
33053067470000,FLATLAND FEDERAL  11-4-5TFH,TWIN VALLEY,Hyperbolic,0.12486783484995148,3955.0,False,2660.0,2497.5,2347.1,2207.8,2078.5,1958.4,False,
33053067490000,FLATLAND FEDERAL  11-4-3TFH,TWIN VALLEY,Hyperbolic,0.15311337975293157,2023.0,False,1747.5,1667.8,1593.3,1523.5,1458.0,1396.5,False,
33061005620000,EN-RULAND-156-94  3328H-1,MANITOU,Hyperbolic,0.023415166680646037,527.0,False,469.7,463.7,457.7,452.0,446.3,440.9,False,
33061017630000,EN-REHAK A-155-94-  1423H-1,MANITOU,Hyperbolic,0.031424442691199164,2102.0,False,1129.3,1111.5,1094.3,1077.6,1061.4,1045.6,False,
33061020470000,EN-HANSON-156-94-  3031H-3,MANITOU,Exponential,0.012357943045573371,394.0,False,408.4,403.3,398.4,393.5,388.7,383.9,False,
33061030680000,EN-DOBROVOLNY A-  155-94-2413H-7,MANITOU,Hyperbolic,0.11279517261301873,597.0,False,432.5,422.8,413.5,404.6,396.1,387.9,False,
33061005700000,AUSTIN  4-09H,PARSHALL,Hyperbolic,0.056124845412154095,1581.0,False,1520.4,1490.9,1462.5,1435.1,1408.8,1383.4,False,
33061006140000,AUSTIN   6-15H,PARSHALL,Exponential,0.04675764241276883,1093.0,False,1074.3,1025.2,978.4,933.7,891.0,850.3,False,
33061006350000,PARSHALL  4-20H,PARSHALL,Exponential,0.05687930179354061,320.0,False,472.3,446.2,421.6,398.2,376.2,355.4,False,
33061010150000,LIBERTY  101-12H,PARSHALL,Hyperbolic,0.04928075107797101,268.0,False,333.9,326.5,319.4,312.6,306.1,299.9,True,6.0
33061011640000,FERTILE   32-33H,PARSHALL,Hyperbolic,0.0751764894805333,606.0,False,308.3,301.1,294.2,287.7,281.4,275.5,True,3.0
33061017050000,FERTILE   42-3231H,PARSHALL,Hyperbolic,0.03403800556275496,695.0,False,674.0,663.0,652.3,641.9,631.9,622.2,False,
33061017060000,FERTILE  40-1718H,PARSHALL,Hyperbolic,0.07717225396201682,616.0,False,492.4,481.6,471.3,461.4,451.9,442.8,False,
33061032350000,VAN HOOK  132-1319H,PARSHALL,Hyperbolic,0.320897973080069,1745.0,True,871.5,846.9,823.5,801.4,780.3,760.3,False,
33061032360000,VAN HOOK  25-1319H,PARSHALL,Hyperbolic,0.16867844762037484,1685.0,False,2327.4,2266.2,2208.0,2152.7,2100.1,2049.8,False,
33061034970000,SHELL  13-3225H,PARSHALL,Exponential,0.05379053634034445,322.0,False,1682.8,1594.6,1511.1,1432.0,1357.0,1285.9,False,
33061037390000,LIBERTY  35-1413H,PARSHALL,Hyperbolic,0.19544549789973345,2633.0,False,1615.6,1538.9,1467.5,1400.8,1338.6,1280.3,False,
33061037400000,LIBERTY  33-1423H,PARSHALL,Hyperbolic,0.1044594612849635,3253.0,False,1888.2,1766.9,1654.5,1550.4,1453.7,1364.0,False,
33061037640000,AUSTIN  59-1509H,PARSHALL,Exponential,0.05319815905910424,3913.0,False,3453.6,3274.7,3105.0,2944.2,2791.6,2647.0,False,
33061038000000,AUSTIN  454-1510H,PARSHALL,Exponential,0.07725782057982838,865.0,False,1203.9,1114.4,1031.5,954.9,883.9,818.1,False,
33061038010000,AUSTIN  455-1510H,PARSHALL,Exponential,0.05879076918823031,1965.0,False,2109.7,1989.2,1875.6,1768.6,1667.6,1572.4,False,
33061038020000,AUSTIN  463-1509H,PARSHALL,Exponential,0.05463062384040508,4066.0,False,3393.8,3213.3,3042.5,2880.8,2727.6,2582.6,False,
33061038260000,AUSTIN  441-2326H,PARSHALL,Hyperbolic,0.12425757732538002,3563.0,False,2912.8,2797.1,2688.3,2585.8,2489.0,2397.6,False,
33061038270000,AUSTIN  440-2326H,PARSHALL,Exponential,0.0908791092596371,2087.0,False,842.6,769.4,702.6,641.5,585.8,534.9,False,
33061038280000,AUSTIN  439-2326H,PARSHALL,Exponential,0.07100323055187027,4246.0,False,2568.6,2392.5,2228.5,2075.8,1933.5,1801.0,False,
33061038590000,AUSTIN   438-2635H,PARSHALL,Hyperbolic,0.384771557839424,843.0,True,1365.9,1328.2,1292.6,1258.8,1226.7,1196.2,False,
33061038600000,AUSTIN   437-2635H,PARSHALL,Exponential,0.14684306770851166,943.0,False,248.2,214.3,185.0,159.7,137.9,119.1,True,1.0
33061038610000,AUSTIN   436-2635H,PARSHALL,Hyperbolic,0.07525085501826574,3807.0,False,2844.3,2672.1,2511.2,2360.7,2220.0,2088.4,False,
33061005970000,BAKKE 23  1-H,ALGER,Hyperbolic,0.046880070481167546,148.0,False,172.7,165.1,157.7,150.7,144.0,137.7,True,1.0
33061009200000,ROSS  3-04H,ALGER,Exponential,0.0323284434900019,533.0,False,496.0,480.2,465.0,450.2,435.8,422.0,False,
33061013730000,BURES 20-29  #1TFH,ALGER,Hyperbolic,0.031220580656103804,1644.0,False,1587.1,1560.1,1533.9,1508.4,1483.7,1459.7,False,
33061015440000,CHARLIE SORENSON 17-8  1-H,ALGER,Exponential,0.022717521121898586,2176.0,False,2446.6,2391.6,2337.9,2285.4,2234.1,2183.9,False,
33061020060000,PANZER  22-23 #2TFH,ALGER,Hyperbolic,0.36230365310031537,187.0,False,219.7,212.8,206.3,200.1,194.3,188.8,True,1.0
33061020390000,LIFFRIG  29-20 #4H,ALGER,Hyperbolic,0.09081252730553144,1505.0,False,1533.1,1495.4,1459.4,1424.9,1391.8,1360.1,False,
33061020430000,WRIGHT   4-33 #3TFH,ALGER,Hyperbolic,0.03655615115375723,1124.0,False,1113.2,1093.7,1074.9,1056.7,1039.0,1022.0,False,
33061021160000,WRIGHT  4-33 2TFH,ALGER,Hyperbolic,0.1063904269486922,1935.0,False,967.2,940.4,915.1,891.1,868.3,846.6,False,
33061021830000,CHARLIE SORENSON  17-8 3TFH,ALGER,Exponential,0.0494058841541547,1439.0,False,1657.7,1577.8,1501.7,1429.3,1360.4,1294.8,False,
33061021840000,BURES  20-29 4TFH,ALGER,Exponential,0.052621929572521146,1600.0,False,1457.7,1383.0,1312.1,1244.8,1181.0,1120.5,False,
33061022620000,WRIGHT  4-33 5H,ALGER,Hyperbolic,0.10345602213967023,1739.0,False,1246.7,1214.2,1183.4,1154.1,1126.1,1099.5,False,
33061023030000,PANZER 22-23  4H,ALGER,Hyperbolic,0.1516333522027412,779.0,False,53.6,48.3,43.6,39.4,35.6,32.2,True,1.0
33061035050000,PANZER 22-23  #6H,ALGER,Hyperbolic,0.036178321152993825,4128.0,False,4017.3,3925.7,3837.0,3751.2,3668.2,3587.8,False,
33061035070000,PANZER 22-23  #8H,ALGER,Hyperbolic,0.04200634533241166,6172.0,False,5151.2,5029.2,4911.5,4797.9,4688.3,4582.4,False,
33061037710000,EN-CVANCARA-  155-93-1522H-6,ALGER,Exponential,0.036689228321514014,1994.0,False,1570.2,1513.6,1459.1,1406.5,1355.9,1307.0,False,
33061037720000,EN-CVANCARA-  155-93-1522H-5,ALGER,Hyperbolic,0.1990534999594992,1384.0,False,860.4,836.3,813.5,792.0,771.5,752.0,False,
33061037730000,EN-CVANCARA-  LE-155-93-1522H-1,ALGER,Hyperbolic,0.7526927833693636,2691.0,True,1069.4,1037.9,1008.2,980.2,953.7,928.6,False,
33061038490000,EN-CVANCARA-  LE-155-93-1523H-2,ALGER,Hyperbolic,0.43371248983337357,3034.0,False,1488.1,1443.0,1400.6,1360.5,1322.7,1286.9,False,
33061008420000,EN-HERMANSON-154-93-  0235H-1,ROBINSON LAKE,Hyperbolic,0.03518011489015205,1118.0,False,886.9,864.3,842.4,821.3,801.0,781.4,False,
33061011650000,EN-L CVANCARA-155-93-  2726H-1,ROBINSON LAKE,Hyperbolic,0.04158033156492285,737.0,False,682.6,670.4,658.5,647.1,636.1,625.5,False,
33061013790000,EN-FRANDSON-154-93-  2116H-1,ROBINSON LAKE,Hyperbolic,0.03536299328514261,771.0,False,908.6,893.9,879.7,865.9,852.6,839.7,False,
33061015670000,EN-FRETHEIM A-155-93-  3334H-2,ROBINSON LAKE,Exponential,0.019544113120251186,1036.0,False,1094.8,1073.6,1052.9,1032.5,1012.5,992.9,False,
33061017570000,EN-WEYRAUCH B-154-93-  3031H-1,ROBINSON LAKE,Hyperbolic,0.04763276254257101,2461.0,False,1799.3,1764.5,1731.0,1698.8,1667.7,1637.7,False,
33061022120000,EN-FRETHEIM S-154-93-  0805H-5,ROBINSON LAKE,Hyperbolic,0.03323050593905642,998.0,False,1069.8,1053.5,1037.7,1022.4,1007.5,993.1,False,
33061022570000,EN-STATE D  154-93-2635H-2,ROBINSON LAKE,Hyperbolic,0.02949788036574734,667.0,False,993.5,979.6,966.1,953.0,940.2,927.7,False,
33061022590000,EN-STATE D  154-93-2635H-4,ROBINSON LAKE,Hyperbolic,0.028702375547076733,1027.0,False,792.4,778.6,765.2,752.1,739.4,727.1,False,
33061024480000,EN-HERMANSON A  155-93-3601H-4,ROBINSON LAKE,Hyperbolic,0.053605232829407094,719.0,False,965.6,947.8,930.7,914.1,898.2,882.8,False,
33061027850000,EN-STATE D-  154-93-2635H-6,ROBINSON LAKE,Hyperbolic,0.033306788146608285,868.0,False,929.7,906.9,884.7,863.3,842.5,822.4,False,
33061027860000,EN-STATE D-  154-93-2635H-7,ROBINSON LAKE,Hyperbolic,0.06630638245246832,484.0,False,904.7,886.9,869.8,853.3,837.4,822.1,False,
33061027870000,EN-STATE D-  154-93-2635H-8,ROBINSON LAKE,Exponential,0.03035831399516722,590.0,False,883.6,857.2,831.5,806.7,782.5,759.1,False,
33061027880000,EN-STATE D-  154-93-2635H-9,ROBINSON LAKE,Exponential,0.02637625257578281,640.0,False,1250.4,1217.8,1186.1,1155.2,1125.2,1095.9,False,
33061027890000,EN-STATE D-  154-93-2635H-10,ROBINSON LAKE,Exponential,0.0244626894612212,1592.0,False,1454.5,1419.3,1385.0,1351.6,1318.9,1287.0,False,
33061033540000,EN-WEYRAUCH B-  154-93-3031H-9,ROBINSON LAKE,Hyperbolic,0.07797049492288328,1385.0,False,1668.0,1633.6,1600.6,1568.9,1538.4,1509.0,False,
33061033710000,EN-L CVANCARA-  155-93-2627H-7,ROBINSON LAKE,Hyperbolic,0.2872070585595992,1267.0,False,1158.2,1127.9,1099.0,1071.7,1045.6,1020.7,False,
33061033720000,EN-L CVANCARA-  155-93-2627H-8,ROBINSON LAKE,Hyperbolic,0.2813445465686089,1124.0,False,1099.2,1071.1,1044.5,1019.1,994.9,971.9,False,
33061033730000,EN-L CVANCARA-  155-93-2627H-9,ROBINSON LAKE,Hyperbolic,0.24153912101198285,1292.0,False,1046.9,1019.2,993.0,968.0,944.3,921.6,False,
33061033740000,EN-L CVANCARA-  155-93-2627H-10,ROBINSON LAKE,Hyperbolic,0.4861307251259801,1324.0,False,1106.7,1075.7,1046.4,1018.6,992.3,967.3,False,
33061035750000,EN-L CVANCARA-  155-93-2627H-11,ROBINSON LAKE,Hyperbolic,0.5571855734309991,1462.0,True,1136.8,1106.4,1077.6,1050.3,1024.3,999.6,False,
33061037280000,EN-KMJ URAN-  LW-154-93-2733H-2,ROBINSON LAKE,Hyperbolic,0.07105977315609438,1764.0,False,1690.0,1651.3,1614.1,1578.4,1544.1,1511.1,False,
33061038810000,EN-URAN A-  LE-154-93-2215H-1,ROBINSON LAKE,Hyperbolic,0.15132712222259864,2097.0,False,2520.2,2431.8,2349.0,2271.3,2198.3,2129.6,False,
33061038820000,EN-RUUD-  LE-154-93-2735H-2,ROBINSON LAKE,Hyperbolic,0.6227331763489801,1493.0,True,1157.3,1122.5,1089.8,1058.9,1029.7,1002.0,False,
33061038840000,EN-RUUD-  LE-154-93-2734H-1,ROBINSON LAKE,Hyperbolic,0.36926811641732793,3067.0,False,1206.1,1170.0,1136.0,1103.9,1073.6,1044.8,False,
33061008740000,FLADELAND  44-31H,SANISH,Exponential,0.024490955640154636,392.0,False,616.4,601.5,587.0,572.8,558.9,545.4,False,
33061020450000,BEN TTT  42-30TFX,SANISH,Hyperbolic,0.021497585003653587,1041.0,False,1019.9,1003.4,987.2,971.3,955.8,940.7,False,
33061020780000,FLADELAND  13-27TFH,SANISH,Exponential,0.030066859376684178,1042.0,False,1003.8,974.1,945.2,917.2,890.0,863.7,False,
33061031840000,LANGVED  5393 12-3 8T,SANISH,Hyperbolic,0.12821904786832633,927.0,False,774.0,756.2,739.2,722.9,707.3,692.4,False,
33061031960000,LANGVED  5393 43-10 10B,SANISH,Hyperbolic,0.08444435396959056,3371.0,False,3470.3,3390.5,3314.4,3241.5,3171.8,3105.0,False,
33061031980000,LANGVED  5393 43-10 9T2,SANISH,Hyperbolic,0.044058066859225795,1895.0,False,1277.4,1231.5,1187.5,1145.2,1104.7,1065.7,False,
33061035170000,BURR FEDERAL  21-26H2,SANISH,Exponential,0.053104301054060665,5646.0,False,3627.1,3439.5,3261.6,3093.0,2933.0,2781.3,False,
33061035180000,BURR FEDERAL  11-26H,SANISH,Hyperbolic,0.10389712665236986,8056.0,False,2714.9,2577.0,2448.5,2328.5,2216.4,2111.5,False,
33061035190000,BURR FEDERAL  12-26H1,SANISH,Hyperbolic,0.20443469955413612,3294.0,True,2102.5,2020.7,1944.9,1874.6,1809.2,1748.2,False,
33061035200000,BURR FEDERAL  13-26H,SANISH,Hyperbolic,0.1035906538883071,3904.0,False,2359.2,2223.7,2098.0,1981.4,1872.9,1771.9,False,
33061035950000,BRADY TTT  42-30XH,SANISH,Exponential,0.04822531821576137,2384.0,False,2119.0,2019.3,1924.2,1833.6,1747.3,1665.0,False,
33061016790000,HOWITZER  2-25H,BIG BEND,Exponential,0.019337747634432426,1811.0,False,2771.3,2718.2,2666.2,2615.1,2565.0,2515.9,False,
33061026100000,JUGARD {FEDERAL}  2-26-35H,BIG BEND,Hyperbolic,0.11486084274307039,778.0,False,645.3,577.5,517.0,462.9,414.5,371.2,False,
33061026110000,JUGARD {FEDERAL}  6-26-35TFH,BIG BEND,Exponential,0.019433368916723332,1912.0,False,2822.5,2768.2,2714.9,2662.6,2611.4,2561.1,False,
33061032220000,HOWO  5-33-4TFH,BIG BEND,Exponential,0.03048509355652207,2458.0,False,2906.6,2819.3,2734.7,2652.6,2572.9,2495.7,False,
33061033090000,PIKE {FEDERAL}  1 SLH,BIG BEND,Exponential,0.060276566564895113,1136.0,False,1957.4,1842.9,1735.1,1633.6,1538.0,1448.1,False,
33061033950000,HOWO  6-33-4TFH,BIG BEND,Exponential,0.02465407319098202,1105.0,False,3073.7,2998.8,2925.8,2854.5,2785.0,2717.2,False,
33061033970000,HOWO  7-33-4TFH,BIG BEND,Exponential,0.03171090370536247,1652.0,False,2852.7,2763.6,2677.4,2593.8,2512.8,2434.4,False,
33061034860000,LIGHTNING FEDERAL  6-24-13TFH,BIG BEND,Exponential,0.03392517144876628,4615.0,False,8716.3,8425.6,8144.5,7872.9,7610.3,7356.4,False,
33061034870000,LIGHTNING FEDERAL  2-24-13H,BIG BEND,Hyperbolic,0.11242577655859493,2804.0,False,2736.7,2546.4,2371.9,2211.7,2064.5,1928.9,False,
33061034880000,LIGHTNING FEDERAL  7-24-13TFH,BIG BEND,Exponential,0.025234959193190843,8132.0,False,9944.7,9696.9,9455.2,9219.6,8989.9,8765.8,False,
33061017680000,EN-SORENSON B-155-94-  3526H-2,ALKALI CREEK,Exponential,0.021596057651131425,1446.0,False,1827.0,1787.9,1749.7,1712.4,1675.8,1640.0,False,
33061033210000,EN-SORENSON B-  155-94-3526H-3,ALKALI CREEK,Hyperbolic,0.22327041839811645,2652.0,False,1034.3,1005.7,978.6,953.0,928.6,905.5,False,
33061033220000,EN-SORENSON B-  155-94-3526H-4,ALKALI CREEK,Hyperbolic,0.29258436526454973,1835.0,False,1034.8,1007.6,981.8,957.3,934.0,911.8,False,
33061033230000,EN-SORENSON B-  155-94-3526H-5,ALKALI CREEK,Hyperbolic,0.40160221367235327,1787.0,False,1000.8,973.1,946.9,922.1,898.5,876.1,False,
33061033240000,EN-SORENSON B-  155-94-3526H-6,ALKALI CREEK,Hyperbolic,0.46215028712508494,1240.0,False,792.9,773.0,754.0,736.0,718.8,702.3,False,
33061038420000,EN-PEDERSON-  LW-154-94-0408H-5,ALKALI CREEK,Hyperbolic,0.4857877054072426,2556.0,False,1880.4,1830.5,1783.2,1738.3,1695.6,1654.9,False,
33061038430000,EN-PEDERSON-  LW-154-94-0408H-6,ALKALI CREEK,Hyperbolic,0.5562023326492589,1665.0,False,883.6,860.6,838.8,818.0,798.3,779.5,False,
33061038440000,EN-PEDERSON-  LW-154-94-0408H-7,ALKALI CREEK,Hyperbolic,0.2619012386728122,2897.0,False,2398.0,2335.7,2276.5,2220.2,2166.7,2115.6,False,
33089005940000,HECKER  21-18TFH,BELL,Exponential,0.023170439213591337,1032.0,False,1162.4,1135.8,1109.8,1084.3,1059.5,1035.2,False,
33089006970000,OBRIGEWITCH  41-17PH,BELL,Hyperbolic,0.09663811603323832,373.0,False,247.3,237.5,228.2,219.4,211.1,203.2,True,1.0
33089007800000,OBRIGEWITCH  41-29PH,BELL,Hyperbolic,0.33085877020668514,333.0,True,250.3,242.3,234.7,227.6,220.9,214.5,True,1.0
33089007810000,OBRIGEWITCH  21-29PH,BELL,Hyperbolic,0.06619251440268145,382.0,False,568.9,557.2,546.0,535.3,524.9,515.0,False,
33089007820000,OBRIGEWITCH  11-29PH,BELL,Hyperbolic,0.052960840853677624,521.0,False,340.6,329.1,318.1,307.6,297.5,287.8,True,5.0
33089008730000,OBRIGEWITCH  21-29-2PH,BELL,Exponential,0.09029202384202388,582.0,False,639.4,584.2,533.8,487.7,445.6,407.1,False,
33089008740000,OBRIGEWITCH  11-29PHU,BELL,Exponential,0.0578161863470267,1707.0,False,1677.3,1583.1,1494.2,1410.2,1331.0,1256.2,False,
33089008750000,OBRIGEWITCH  24-20PH,BELL,Exponential,0.06322771727840451,3640.0,False,2556.6,2400.0,2252.9,2114.9,1985.3,1863.7,False,
33089008760000,OBRIGEWITCH  44-19PHU,BELL,Exponential,0.057877253819886995,1721.0,False,1467.5,1385.0,1307.1,1233.6,1164.2,1098.7,False,
33089008770000,OBRIGEWITCH  31-29PH,BELL,Exponential,0.07999053251402473,2047.0,False,838.5,774.1,714.6,659.6,608.9,562.1,False,
33105006860000,BEAVER LODGE-ORDOVICIAN UNIT     4,BEAVER LODGE,Exponential,0.07834424833774292,4.0,False,56.9,52.6,48.6,45.0,41.6,38.4,True,1.0
33105014820000,BLDU     EE-308,BEAVER LODGE,Exponential,0.06801786294338374,213.0,False,198.9,185.8,173.6,162.2,151.5,141.6,True,1.0
33105014960000,BLDU     CC-309,BEAVER LODGE,Exponential,0.018175784305099595,535.0,False,422.0,414.4,407.0,399.6,392.4,385.4,False,
33105016160000,S. RAMBERG  6-1H,BEAVER LODGE,Exponential,0.022404674833512328,866.0,False,740.4,724.0,708.0,692.3,677.0,662.0,False,
33105016600000,BL-ODEGAARD-156-95-  2116H-1,BEAVER LODGE,Hyperbolic,0.055805849405852606,172.0,False,152.9,150.0,147.1,144.4,141.7,139.2,True,1.0
33105024400000,BL-S RAMBERG-155-95-  0601H-2,BEAVER LODGE,Hyperbolic,0.009739903133359684,2043.0,False,1887.1,1873.3,1859.8,1846.4,1833.3,1820.3,False,
33105039800000,BL-ODEGAARD-  156-95-2116H-8,BEAVER LODGE,Hyperbolic,0.3337366703022422,848.0,False,753.4,732.3,712.3,693.4,675.5,658.4,False,
33105040660000,BL-DAVIDSON-  155-96-0211H-7,BEAVER LODGE,Hyperbolic,0.1984248778017791,1634.0,False,912.2,873.5,837.3,803.3,771.3,741.2,False,
33105040670000,BL-DAVIDSON-  155-96-0211H-6,BEAVER LODGE,Hyperbolic,0.708481666941647,653.0,False,436.3,424.2,412.7,401.9,391.6,381.8,False,
33105040680000,BL-DAVIDSON-  155-96-0211H-5,BEAVER LODGE,Hyperbolic,0.6882690437042304,1121.0,False,946.9,917.7,890.2,864.3,839.8,816.7,False,
33105040900000,BL-DAVIDSON-  156-96-3526H-8,BEAVER LODGE,Hyperbolic,0.32891115721493674,1945.0,False,1451.2,1409.4,1369.9,1332.6,1297.2,1263.6,False,
33105042300000,BL-DAVIDSON-  156-96-3526H-7,BEAVER LODGE,Exponential,0.06457892824956257,1552.0,False,1048.3,982.7,921.3,863.6,809.6,759.0,False,
33105015510000,VIOLET OLSON  31-29H,DOLLAR JOE,Hyperbolic,0.04807412747317446,170.0,False,171.1,167.7,164.3,161.2,158.1,155.1,True,1.0
33105020870000,RAYMOND  21X-5,DOLLAR JOE,Hyperbolic,0.09125850648787315,709.0,False,711.6,695.3,679.7,664.8,650.6,636.9,False,
33105022470000,ANNAPOLIS  1-29H,DOLLAR JOE,Hyperbolic,0.02431230295483978,1311.0,False,1149.4,1124.4,1100.0,1076.2,1053.0,1030.4,False,
33105023050000,RALEIGH  1-20H,DOLLAR JOE,Exponential,0.026203133674785502,1323.0,False,1262.7,1230.0,1198.2,1167.2,1137.0,1107.6,False,
33105036310000,ALLEN  21X-17B,DOLLAR JOE,Hyperbolic,0.16301169338071975,659.0,False,576.2,562.4,549.3,536.7,524.7,513.2,False,
33105015520000,LEANN RAE  28-33H,MIDWAY,Hyperbolic,0.0197990016783452,405.0,False,411.0,406.3,401.8,397.3,393.0,388.7,False,
33105024990000,ODEGAARD STATE   21X-16B,MIDWAY,Exponential,0.06776220162232666,1991.0,False,818.0,764.4,714.3,667.5,623.8,582.9,False,
33105038810000,ODEGAARD STATE  31X-16D,MIDWAY,Exponential,0.07181722847462224,1946.0,False,1494.0,1390.5,1294.1,1204.4,1121.0,1043.3,False,
33105038820000,ODEGAARD STATE  31X-16G,MIDWAY,Hyperbolic,0.4627574421937012,1013.0,True,833.9,805.0,778.1,752.9,729.3,707.1,False,
33105038830000,ODEGAARD STATE  31X-16C,MIDWAY,Exponential,0.1020923802260514,1811.0,False,876.4,791.3,714.5,645.2,582.6,526.0,False,
33105038840000,ODEGAARD STATE  31X-16BXC,MIDWAY,Hyperbolic,0.23381466029019501,1936.0,False,1820.2,1755.3,1694.5,1637.4,1583.7,1533.1,False,
33105039620000,ODEGAARD STATE  31X-16DXA,MIDWAY,Hyperbolic,0.13362180938010712,3061.0,False,2586.6,2492.0,2403.0,2319.2,2240.0,2165.3,False,
33105039700000,ODEGAARD STATE  21X-16AXB,MIDWAY,Hyperbolic,0.12722643639548517,1030.0,False,1093.4,1040.2,990.5,944.1,900.6,860.0,False,
33105039750000,ODEGAARD STATE  21X-16E,MIDWAY,Hyperbolic,0.3356597522536879,814.0,False,1139.7,1102.3,1067.0,1033.7,1002.3,972.6,False,
33105039760000,ODEGAARD STATE  21X-16A,MIDWAY,Hyperbolic,0.11053910864634849,2459.0,False,2316.7,2238.5,2164.6,2094.7,2028.5,1965.8,False,
33105040070000,ODEGAARD STATE  21X-16F,MIDWAY,Hyperbolic,0.08788188122400441,1085.0,False,649.6,599.0,552.5,509.7,470.3,434.0,False,
33105016050000,E. BURDICK  29-32H,CAPA,Hyperbolic,0.03470318729510348,458.0,False,346.0,340.7,335.6,330.6,325.8,321.1,False,
33105040970000,CA-RUSSELL SMITH-  155-96-2425H-1,CAPA,Hyperbolic,0.45613236491901615,1804.0,False,1455.3,1412.3,1371.8,1333.6,1297.4,1263.1,False,
33105040980000,CA-RUSSELL SMITH-  155-96-2425H-2,CAPA,Hyperbolic,0.11469432276488922,584.0,False,459.8,429.7,401.9,376.3,352.5,330.5,False,
33105040990000,CA-RUSSELL SMITH-  155-96-2425H-3,CAPA,Hyperbolic,0.36719914758225036,774.0,False,339.7,318.4,298.9,281.1,264.7,249.5,True,3.0
33105041000000,CA-RUSSELL SMITH-  155-96-2425H-4,CAPA,Hyperbolic,0.8339435650438272,486.0,True,495.3,480.3,466.1,452.7,440.1,428.2,False,
33105041010000,CA-RUSSELL SMITH-  155-96-2425H-5,CAPA,Hyperbolic,0.3789790627575725,1087.0,False,767.8,743.3,720.3,698.7,678.4,659.2,False,
33105041020000,CA-RUSSELL SMITH-  155-96-2425H-6,CAPA,Hyperbolic,0.2617243545835296,888.0,False,737.9,703.0,670.6,640.4,612.3,585.9,False,
33105041860000,HAUSTVEIT  155-95-12-13-2MBH,CAPA,Hyperbolic,0.06839215713424034,2999.0,False,2161.3,2058.5,1961.4,1869.7,1783.1,1701.1,False,
33105016650000,CHARLSON  11-16H,HOFFLUND,Exponential,0.016395561838116187,1185.0,False,913.2,898.4,883.8,869.4,855.3,841.4,False,
33105039360000,LISA FEDERAL  14X-34F,HOFFLUND,Hyperbolic,0.1041400735347267,2631.0,False,2543.3,2452.1,2365.8,2284.1,2206.6,2133.1,False,
33105039370000,LISA  14X-34E,HOFFLUND,Hyperbolic,0.2868721354911165,2093.0,False,2321.6,2252.6,2187.6,2126.1,2067.9,2012.7,False,
33105039380000,LISA  14X-34A,HOFFLUND,Hyperbolic,0.1844241017950918,2359.0,False,3195.3,3089.4,2989.7,2895.6,2806.7,2722.6,False,
33105020480000,GUST  2-11  1H,LONG CREEK,Exponential,0.02808446838039954,2949.0,False,3526.1,3428.5,3333.5,3241.2,3151.5,3064.2,False,
33105036090000,GUST  2-11 3TFH,LONG CREEK,Hyperbolic,0.3910318681141384,1233.0,False,444.0,424.4,406.1,389.0,373.1,358.2,False,
33105036100000,GUST  2-11 2H,LONG CREEK,Hyperbolic,0.0966450171664192,3769.0,False,2648.5,2494.8,2351.6,2218.0,2093.4,1977.1,False,
33105023150000,CLARK  5602 12-13H,TYRONE,Hyperbolic,0.24479452761645118,118.0,False,88.4,85.1,82.1,79.2,76.6,74.1,True,1.0
33105023760000,BERGER   156-101-9-4-1H,TYRONE,Hyperbolic,0.04834040632426377,657.0,False,861.6,846.8,832.5,818.7,805.3,792.4,False,
33105034180000,LOGAN   5601 11-26 8T,TYRONE,Hyperbolic,0.09178297173561467,1990.0,False,809.3,771.5,735.9,702.4,670.9,641.2,False,
33105034200000,LOGAN   5601 13-26 4T,TYRONE,Hyperbolic,0.10454629928639217,1406.0,False,986.0,937.4,891.8,849.1,809.0,771.4,False,
33105034320000,MCCAULEY  5601 41-34 5T,TYRONE,Exponential,0.017197782564159828,246.0,False,1640.7,1612.8,1585.3,1558.2,1531.7,1505.5,False,
33105036540000,MCCAULEY LOGAN  5601 11-26 6T,TYRONE,Hyperbolic,0.10725050026607505,1400.0,False,718.6,669.8,624.7,583.1,544.6,509.0,False,
33105026980000,ADDYSON  2-23H,BROOKLYN,Exponential,0.01880764159741595,1053.0,False,1362.9,1337.5,1312.5,1288.1,1264.1,1240.5,False,
33105026990000,ADDYSON  3-23H,BROOKLYN,Exponential,0.029980290547182,558.0,False,461.3,447.7,434.5,421.6,409.2,397.1,False,
33105028210000,JUNEAU  4-11H,BROOKLYN,Hyperbolic,0.09169541927260323,1213.0,False,1244.3,1215.1,1187.2,1160.6,1135.1,1110.7,False,
33105038140000,HELENA  7-7H1,BROOKLYN,Hyperbolic,0.13932489580634883,2603.0,False,2133.6,2082.6,2033.9,1987.5,1943.1,1900.7,False,
33105038160000,HELENA  5-7H1,BROOKLYN,Hyperbolic,0.16907146202198864,1468.0,False,1070.4,1035.1,1001.7,970.1,940.1,911.7,False,
33105038520000,HELENA  4-7H,BROOKLYN,Hyperbolic,0.09253581992017289,3688.0,False,2733.8,2660.5,2590.5,2523.6,2459.7,2398.5,False,
33105040410000,ADDYSON  4-23H,BROOKLYN,Hyperbolic,0.11216466645276667,1524.0,False,1883.4,1811.8,1744.2,1680.3,1619.8,1562.5,False,
33105040420000,ADDYSON  5-23H,BROOKLYN,Hyperbolic,0.09339165857657593,2401.0,False,1039.5,978.1,920.9,867.5,817.7,771.2,False,
33105028520000,ALEXANDER  26-35-3H,EPPING,Exponential,0.09101906666238116,158.0,False,1465.9,1338.3,1221.9,1115.6,1018.5,929.9,False,
33105039930000,P EARL RENNERFELDT  154-99-2-3-27-2H3,EPPING,Hyperbolic,0.22262008560324345,1835.0,False,1116.1,1073.1,1032.7,994.8,959.2,925.6,False,
33105039940000,P EARL RENNERFELDT  154-99-2-3-27-2H,EPPING,Hyperbolic,0.23172908801674402,4182.0,False,1807.5,1757.3,1709.8,1664.8,1622.1,1581.5,False,
33105039990000,P LYNCH  155-99-14-33-28-2H,EPPING,Hyperbolic,0.1870673596993018,1422.0,False,1833.7,1786.6,1742.0,1699.5,1659.0,1620.4,False,
33105040010000,P LYNCH  155-99-14-33-28-3H,EPPING,Hyperbolic,0.32147011876864806,3521.0,False,1883.0,1831.8,1783.3,1737.3,1693.6,1652.0,False,
33105040120000,P BIBLER  155-99-15W-31-30-3H3,EPPING,Hyperbolic,0.07587272239858685,1886.0,False,1372.6,1329.8,1288.9,1250.0,1212.8,1177.2,False,
33105031090000,WALLACE  21X-2A,WEST CAPA,Hyperbolic,0.0336376421309579,513.0,False,748.5,736.7,725.3,714.2,703.4,693.0,False,
33105039710000,SMOUSE  31X-28C,WEST CAPA,Hyperbolic,0.16771687096104307,1846.0,False,1211.1,1164.0,1119.8,1078.3,1039.3,1002.6,False,
33105039730000,SMOUSE  31X-28D,WEST CAPA,Hyperbolic,0.29797391450421146,667.0,False,1024.0,990.0,958.1,928.3,900.2,873.7,False,
33105039740000,SMOUSE  31X-28H,WEST CAPA,Hyperbolic,0.27335097368288225,964.0,False,844.0,818.0,793.5,770.4,748.6,728.0,False,
33105040090000,SMOUSE  31X-28DXA,WEST CAPA,Hyperbolic,0.2913324976251144,1354.0,False,1176.6,1138.8,1103.4,1070.1,1038.7,1009.1,False,
33105032680000,DOUBLE DOWN  24-13 2H,EAST FORK,Hyperbolic,0.10969904723582151,2399.0,False,2481.6,2382.2,2288.3,2199.6,2115.8,2036.5,False,
33105032700000,DOUBLE DOWN  24-13 4TFH,EAST FORK,Exponential,0.0672478367028996,1627.0,False,1319.3,1233.5,1153.3,1078.3,1008.1,942.6,False,
33105037380000,EAST FORK 32-29  #6TFH,EAST FORK,Hyperbolic,0.25864149090381955,4486.0,False,1209.1,1176.9,1146.4,1117.3,1089.8,1063.5,False,
33105037580000,P BERGER  156-100-14-7-6-4H,EAST FORK,Hyperbolic,0.09131708524962624,1818.0,False,1863.4,1803.0,1745.6,1690.9,1638.8,1589.2,False,
33105037590000,P BERGER  156-100-14-7-6-4H3,EAST FORK,Hyperbolic,0.3073745363019589,1338.0,False,979.9,949.6,921.0,893.9,868.2,843.8,False,
33105037610000,P BERGER  156-100-14-7-6-3H,EAST FORK,Hyperbolic,0.3296838393946096,1575.0,False,1209.7,1177.6,1147.1,1118.2,1090.7,1064.5,False,
33105039900000,JUDY 22-15  #7TFH,EAST FORK,Hyperbolic,0.06323869737342566,2891.0,False,2288.0,2241.8,2197.4,2154.7,2113.6,2074.0,False,
33105040230000,P BERGER  156-100-14-7-19-13H,EAST FORK,Hyperbolic,0.28762088954857384,2075.0,False,1678.9,1636.0,1595.2,1556.4,1519.4,1484.1,False,
33105040250000,P BERGER  156-100-14-7-19-14H,EAST FORK,Hyperbolic,0.2086721506456382,1774.0,False,1641.8,1595.6,1551.8,1510.2,1470.6,1432.8,False,
33105035870000,P JOHNSON  153-98-1-6-7-16H,TRUAX,Hyperbolic,0.2009870610003453,4373.0,False,2732.8,2667.1,2604.5,2544.8,2487.7,2433.1,False,
33105035890000,P JOHNSON  153-98-1-6-7-16HA,TRUAX,Hyperbolic,0.16130697850381112,4697.0,False,3235.9,3156.7,3081.3,3009.4,2940.7,2875.1,False,
33105040310000,P PANKOWSKI  153-98-4-6-7-13H,TRUAX,Exponential,0.05151712744653139,2552.0,False,2034.3,1932.1,1835.1,1743.0,1655.5,1572.3,False,
33105040320000,P PANKOWSKI  153-98-4-6-7-13H3,TRUAX,Hyperbolic,0.1642650471055457,1600.0,False,1386.4,1353.2,1321.5,1291.3,1262.4,1234.8,False,
33105040330000,P PANKOWSKI  153-98-4-6-7-13HA,TRUAX,Hyperbolic,0.0811417440077928,1580.0,False,1330.0,1255.0,1184.8,1119.0,1057.3,999.5,False,
33105040340000,P PANKOWSKI  153-98-4-6-7-14H3,TRUAX,Hyperbolic,0.09219612976296285,1862.0,False,1937.8,1896.8,1857.6,1819.9,1783.7,1748.9,False,
33105040450000,CARSCALLEN  31-14-1TFH,TRUAX,Exponential,0.04537600865925756,1420.0,False,969.2,926.2,885.1,845.9,808.3,772.5,False,
33105040470000,CARSCALLEN  31-14-3TFH,TRUAX,Hyperbolic,0.22691048237446695,2148.0,False,1805.1,1758.9,1714.9,1673.2,1633.3,1595.4,False,
33105037780000,ND STATE  158-95-21-28-4TFH,MCGREGOR,Hyperbolic,0.1547972932497247,1085.0,False,1090.9,1042.2,996.5,953.7,913.6,875.8,False,
33105037790000,ND STATE  158-95-21-28-3MBH,MCGREGOR,Hyperbolic,0.31985217057592813,902.0,False,1098.3,1065.8,1035.2,1006.3,979.0,953.0,False,
33105037800000,ND STATE  158-95-21-28-3TFH,MCGREGOR,Hyperbolic,0.465410130077326,355.0,False,427.9,415.6,404.0,393.1,382.7,372.8,False,
33105039630000,LEON  158-95-17-8-1TFH,MCGREGOR,Hyperbolic,0.26661492698051314,823.0,False,763.8,741.6,720.7,700.9,682.2,664.4,False,
33105039640000,LEON  158-95-17-8-1MBH,MCGREGOR,Hyperbolic,0.2678248856952663,466.0,False,678.7,657.1,636.9,617.8,599.9,583.0,False,
33105039650000,LEON  158-95-17-8-2MBH,MCGREGOR,Hyperbolic,0.1253217072827686,216.0,False,850.7,827.6,805.6,784.8,765.0,746.2,False,
33105039660000,LEON  158-95-17-8-3TFH,MCGREGOR,Hyperbolic,0.3979159632887682,456.0,False,643.8,624.4,606.1,588.9,572.6,557.2,False,
33105038100000,P BIBLER  155-99-16-31-8-13H,STOCKYARD CREEK,Hyperbolic,0.38821946923309697,2030.0,False,1460.2,1423.9,1389.3,1356.4,1325.0,1295.0,False,
33105038110000,P BIBLER  155-99-16-31-7-16H3A,STOCKYARD CREEK,Hyperbolic,0.322682692465388,1196.0,False,882.1,860.4,839.8,820.2,801.4,783.4,False,
33105038120000,P BIBLER  155-99-16-31-7-16H,STOCKYARD CREEK,Hyperbolic,0.07990431672486284,1349.0,False,696.3,651.1,609.0,569.7,533.2,499.1,False,
33105038130000,P BIBLER  155-99-16-31-7-16H3,STOCKYARD CREEK,Hyperbolic,0.06356635000964701,1094.0,False,887.6,838.2,791.8,748.0,706.7,667.8,False,
33105039970000,P EARL RENNERFELDT  154-99-2-3-10-15H3,STOCKYARD CREEK,Hyperbolic,0.2693286820684251,2841.0,False,1748.7,1700.7,1655.2,1612.0,1571.1,1532.1,False,
33105039980000,P EARL RENNERFELDT  154-99-2-3-10-15H,STOCKYARD CREEK,Hyperbolic,0.2209562984158034,2425.0,False,1549.7,1505.7,1464.1,1424.8,1387.5,1352.0,False,
33105040030000,MARTY  31-4H,STOCKYARD CREEK,Exponential,0.05121285331345473,1352.0,False,2208.8,2098.6,1993.8,1894.3,1799.7,1709.8,False,
33105040050000,CONNIE  21-4H,STOCKYARD CREEK,Hyperbolic,0.1596199678478557,3482.0,False,1988.2,1927.9,1870.8,1816.8,1765.5,1716.7,False,
33105040060000,RONNA  21-4TFH,STOCKYARD CREEK,Hyperbolic,0.21046866089413702,1568.0,False,650.6,617.2,586.1,557.3,530.4,505.3,False,
33105040100000,P BIBLER  155-99-15W-31-7-14H3,STOCKYARD CREEK,Hyperbolic,0.33629188921049563,2001.0,False,913.9,890.8,868.9,848.0,828.1,809.1,False,
33105040110000,P BIBLER  155-99-15W-31-7-14H,STOCKYARD CREEK,Hyperbolic,0.1453574678846118,1968.0,False,1300.6,1269.3,1239.4,1210.9,1183.7,1157.7,False,
33105039170000,EVELYN  31X-3C,LINDAHL,Hyperbolic,0.11581739377289844,761.0,False,837.1,790.8,747.8,707.6,670.2,635.3,False,
33105039180000,EVELYN  31X-3GXH,LINDAHL,Exponential,0.049930220254914594,1478.0,False,1359.1,1292.9,1229.9,1170.0,1113.0,1058.8,False,
33105039190000,EVELYN  31X-3D,LINDAHL,Hyperbolic,0.36533403716767354,1799.0,False,1319.2,1280.9,1244.7,1210.5,1178.2,1147.5,False,
33105039200000,EVELYN  31X-3H,LINDAHL,Hyperbolic,0.17016925540002595,2258.0,False,1635.4,1584.1,1535.8,1490.2,1447.1,1406.3,False,
33105039470000,EVELYN  31X-3DXA,LINDAHL,Exponential,0.05514846075553846,3430.0,False,2443.2,2312.1,2188.1,2070.7,1959.6,1854.4,False,
